ISO-10303-21;
HEADER;
/* Generated by software containing ST-Developer
 * from STEP Tools, Inc. (www.steptools.com) 
 */

FILE_DESCRIPTION(
/* description */ ('FreeCAD Model'),
/* implementation_level */ '2;1');

FILE_NAME(
/* name */ 'PiloMill-L.step',
/* time_stamp */ '2026-10-04T23:02:54+02:00',
/* author */ (''),
/* organization */ (''),
/* preprocessor_version */ 'ST-DEVELOPER v20.2',
/* originating_system */ 'Autodesk Translation Framework v15.15.0.0',
/* authorisation */ '');

FILE_SCHEMA (('AUTOMOTIVE_DESIGN { 1 0 10303 214 3 1 1 }'));
ENDSEC;

DATA;
#10=MECHANICAL_DESIGN_GEOMETRIC_PRESENTATION_REPRESENTATION('',(#155,#156,
#157,#158),#4619);
#11=ITEM_DEFINED_TRANSFORMATION($,$,#2613,#2823);
#12=ITEM_DEFINED_TRANSFORMATION($,$,#2629,#2824);
#13=ITEM_DEFINED_TRANSFORMATION($,$,#2656,#2825);
#14=ITEM_DEFINED_TRANSFORMATION($,$,#2798,#2826);
#15=(
REPRESENTATION_RELATIONSHIP($,$,#4639,#4638)
REPRESENTATION_RELATIONSHIP_WITH_TRANSFORMATION(#11)
SHAPE_REPRESENTATION_RELATIONSHIP()
);
#16=(
REPRESENTATION_RELATIONSHIP($,$,#4640,#4638)
REPRESENTATION_RELATIONSHIP_WITH_TRANSFORMATION(#12)
SHAPE_REPRESENTATION_RELATIONSHIP()
);
#17=(
REPRESENTATION_RELATIONSHIP($,$,#4641,#4638)
REPRESENTATION_RELATIONSHIP_WITH_TRANSFORMATION(#13)
SHAPE_REPRESENTATION_RELATIONSHIP()
);
#18=(
REPRESENTATION_RELATIONSHIP($,$,#4642,#4638)
REPRESENTATION_RELATIONSHIP_WITH_TRANSFORMATION(#14)
SHAPE_REPRESENTATION_RELATIONSHIP()
);
#19=CONTEXT_DEPENDENT_SHAPE_REPRESENTATION(#15,#4634);
#20=CONTEXT_DEPENDENT_SHAPE_REPRESENTATION(#16,#4635);
#21=CONTEXT_DEPENDENT_SHAPE_REPRESENTATION(#17,#4636);
#22=CONTEXT_DEPENDENT_SHAPE_REPRESENTATION(#18,#4637);
#23=NEXT_ASSEMBLY_USAGE_OCCURRENCE('StandBase:1','StandBase:1',
'StandBase:1',#4644,#4645,'StandBase:1');
#24=NEXT_ASSEMBLY_USAGE_OCCURRENCE('StandPole:1','StandPole:1',
'StandPole:1',#4644,#4646,'StandPole:1');
#25=NEXT_ASSEMBLY_USAGE_OCCURRENCE('EquipmentHead:1','EquipmentHead:1',
'EquipmentHead:1',#4644,#4647,'EquipmentHead:1');
#26=NEXT_ASSEMBLY_USAGE_OCCURRENCE('ClampKnob:1','ClampKnob:1',
'ClampKnob:1',#4644,#4648,'ClampKnob:1');
#27=CONICAL_SURFACE('',#2730,1.45,0.380506377112);
#28=CONICAL_SURFACE('',#2737,1.45,0.380506377112);
#29=CONICAL_SURFACE('',#2748,1.45,0.380506377112);
#30=CONICAL_SURFACE('',#2755,1.45,0.380506377112);
#31=CONICAL_SURFACE('',#2766,1.45,0.380506377112);
#32=CONICAL_SURFACE('',#2773,1.45,0.380506377112);
#33=CONICAL_SURFACE('',#2782,1.45,0.380506377112);
#34=CONICAL_SURFACE('',#2789,1.45,0.380506377112);
#35=B_SPLINE_CURVE_WITH_KNOTS('',3,(#3885,#3886,#3887,#3888,#3889,#3890,
#3891,#3892,#3893,#3894,#3895,#3896,#3897,#3898,#3899,#3900,#3901,#3902,
#3903,#3904,#3905,#3906),.UNSPECIFIED.,.F.,.F.,(4,3,3,3,3,3,3,4),(234.986164481858,
245.297763983187,256.089937918781,267.389008741687,279.535832543163,292.187903648828,
305.677953591148,315.365219768255),.UNSPECIFIED.);
#36=B_SPLINE_CURVE_WITH_KNOTS('',3,(#3919,#3920,#3921,#3922,#3923,#3924,
#3925,#3926,#3927,#3928,#3929,#3930,#3931,#3932,#3933,#3934,#3935,#3936,
#3937,#3938,#3939,#3940),.UNSPECIFIED.,.F.,.F.,(4,3,3,3,3,3,3,4),(1838.53821950767,
1852.11763833916,1865.04262796977,1877.35042328731,1888.78600313084,1899.76852686212,
1910.05640900086,1918.9172747941),.UNSPECIFIED.);
#37=B_SPLINE_CURVE_WITH_KNOTS('',3,(#3948,#3949,#3950,#3951,#3952,#3953,
#3954,#3955,#3956,#3957,#3958,#3959,#3960,#3961,#3962,#3963,#3964,#3965,
#3966,#3967,#3968,#3969),.UNSPECIFIED.,.F.,.F.,(4,3,3,3,3,3,3,4),(234.986164481853,
245.297763983183,256.089937918779,267.389008741686,279.535832543161,292.187903648828,
305.67795359115,315.365219768246),.UNSPECIFIED.);
#38=B_SPLINE_CURVE_WITH_KNOTS('',3,(#3985,#3986,#3987,#3988,#3989,#3990,
#3991,#3992,#3993,#3994,#3995,#3996,#3997,#3998,#3999,#4000,#4001,#4002,
#4003,#4004,#4005,#4006),.UNSPECIFIED.,.F.,.F.,(4,3,3,3,3,3,3,4),(1838.53821950766,
1852.11763833915,1865.04262796977,1877.3504232873,1888.78600313084,1899.76852686212,
1910.05640900085,1918.9172747941),.UNSPECIFIED.);
#39=B_SPLINE_CURVE_WITH_KNOTS('',3,(#4020,#4021,#4022,#4023,#4024,#4025,
#4026,#4027,#4028,#4029,#4030,#4031,#4032,#4033,#4034,#4035,#4036,#4037,
#4038,#4039,#4040,#4041),.UNSPECIFIED.,.F.,.F.,(4,3,3,3,3,3,3,4),(234.986164481858,
245.297763983187,256.089937918781,267.389008741687,279.535832543163,292.187903648828,
305.677953591148,315.365219768255),.UNSPECIFIED.);
#40=B_SPLINE_CURVE_WITH_KNOTS('',3,(#4054,#4055,#4056,#4057,#4058,#4059,
#4060,#4061,#4062,#4063,#4064,#4065,#4066,#4067,#4068,#4069,#4070,#4071,
#4072,#4073,#4074,#4075),.UNSPECIFIED.,.F.,.F.,(4,3,3,3,3,3,3,4),(1838.53821950767,
1852.11763833916,1865.04262796977,1877.35042328731,1888.78600313084,1899.76852686212,
1910.05640900086,1918.9172747941),.UNSPECIFIED.);
#41=B_SPLINE_CURVE_WITH_KNOTS('',3,(#4083,#4084,#4085,#4086,#4087,#4088,
#4089,#4090,#4091,#4092,#4093,#4094,#4095,#4096,#4097,#4098,#4099,#4100,
#4101,#4102,#4103,#4104),.UNSPECIFIED.,.F.,.F.,(4,3,3,3,3,3,3,4),(234.986164481853,
245.297763983183,256.089937918779,267.389008741686,279.535832543161,292.187903648828,
305.67795359115,315.365219768246),.UNSPECIFIED.);
#42=B_SPLINE_CURVE_WITH_KNOTS('',3,(#4120,#4121,#4122,#4123,#4124,#4125,
#4126,#4127,#4128,#4129,#4130,#4131,#4132,#4133,#4134,#4135,#4136,#4137,
#4138,#4139,#4140,#4141),.UNSPECIFIED.,.F.,.F.,(4,3,3,3,3,3,3,4),(1838.53821950766,
1852.11763833915,1865.04262796977,1877.3504232873,1888.78600313084,1899.76852686212,
1910.05640900085,1918.9172747941),.UNSPECIFIED.);
#43=B_SPLINE_CURVE_WITH_KNOTS('',3,(#4155,#4156,#4157,#4158,#4159,#4160,
#4161,#4162,#4163,#4164,#4165,#4166,#4167,#4168,#4169,#4170,#4171,#4172,
#4173,#4174,#4175,#4176),.UNSPECIFIED.,.F.,.F.,(4,3,3,3,3,3,3,4),(234.986164481853,
245.297763983182,256.089937918779,267.389008741681,279.535832543156,292.187903648819,
305.67795359114,315.365219768246),.UNSPECIFIED.);
#44=B_SPLINE_CURVE_WITH_KNOTS('',3,(#4189,#4190,#4191,#4192,#4193,#4194,
#4195,#4196,#4197,#4198,#4199,#4200,#4201,#4202,#4203,#4204,#4205,#4206,
#4207,#4208,#4209,#4210),.UNSPECIFIED.,.F.,.F.,(4,3,3,3,3,3,3,4),(1838.53821950766,
1852.11763833915,1865.04262796976,1877.3504232873,1888.78600313083,1899.76852686211,
1910.05640900085,1918.9172747941),.UNSPECIFIED.);
#45=B_SPLINE_CURVE_WITH_KNOTS('',3,(#4218,#4219,#4220,#4221,#4222,#4223,
#4224,#4225,#4226,#4227,#4228,#4229,#4230,#4231,#4232,#4233,#4234,#4235,
#4236,#4237,#4238,#4239),.UNSPECIFIED.,.F.,.F.,(4,3,3,3,3,3,3,4),(234.986164481858,
245.297763983188,256.089937918783,267.389008741694,279.535832543172,292.187903648837,
305.677953591158,315.365219768255),.UNSPECIFIED.);
#46=B_SPLINE_CURVE_WITH_KNOTS('',3,(#4255,#4256,#4257,#4258,#4259,#4260,
#4261,#4262,#4263,#4264,#4265,#4266,#4267,#4268,#4269,#4270,#4271,#4272,
#4273,#4274,#4275,#4276),.UNSPECIFIED.,.F.,.F.,(4,3,3,3,3,3,3,4),(1838.53821950767,
1852.11763833916,1865.04262796978,1877.35042328731,1888.78600313085,1899.76852686213,
1910.05640900087,1918.9172747941),.UNSPECIFIED.);
#47=B_SPLINE_CURVE_WITH_KNOTS('',3,(#4290,#4291,#4292,#4293,#4294,#4295,
#4296,#4297,#4298,#4299,#4300,#4301,#4302,#4303,#4304,#4305,#4306,#4307,
#4308,#4309,#4310,#4311),.UNSPECIFIED.,.F.,.F.,(4,3,3,3,3,3,3,4),(234.986164481853,
245.297763983182,256.089937918779,267.389008741681,279.535832543156,292.187903648819,
305.67795359114,315.365219768246),.UNSPECIFIED.);
#48=B_SPLINE_CURVE_WITH_KNOTS('',3,(#4324,#4325,#4326,#4327,#4328,#4329,
#4330,#4331,#4332,#4333,#4334,#4335,#4336,#4337,#4338,#4339,#4340,#4341,
#4342,#4343,#4344,#4345),.UNSPECIFIED.,.F.,.F.,(4,3,3,3,3,3,3,4),(1838.53821950766,
1852.11763833915,1865.04262796976,1877.3504232873,1888.78600313083,1899.76852686211,
1910.05640900085,1918.9172747941),.UNSPECIFIED.);
#49=B_SPLINE_CURVE_WITH_KNOTS('',3,(#4353,#4354,#4355,#4356,#4357,#4358,
#4359,#4360,#4361,#4362,#4363,#4364,#4365,#4366,#4367,#4368,#4369,#4370,
#4371,#4372,#4373,#4374),.UNSPECIFIED.,.F.,.F.,(4,3,3,3,3,3,3,4),(234.986164481858,
245.297763983188,256.089937918783,267.389008741694,279.535832543172,292.187903648837,
305.677953591158,315.365219768255),.UNSPECIFIED.);
#50=B_SPLINE_CURVE_WITH_KNOTS('',3,(#4390,#4391,#4392,#4393,#4394,#4395,
#4396,#4397,#4398,#4399,#4400,#4401,#4402,#4403,#4404,#4405,#4406,#4407,
#4408,#4409,#4410,#4411),.UNSPECIFIED.,.F.,.F.,(4,3,3,3,3,3,3,4),(1838.53821950767,
1852.11763833916,1865.04262796978,1877.35042328731,1888.78600313085,1899.76852686213,
1910.05640900087,1918.9172747941),.UNSPECIFIED.);
#51=CYLINDRICAL_SURFACE('',#2652,2.75);
#52=CYLINDRICAL_SURFACE('',#2655,2.75);
#53=CYLINDRICAL_SURFACE('',#2671,2.75);
#54=CYLINDRICAL_SURFACE('',#2674,2.5);
#55=CYLINDRICAL_SURFACE('',#2680,2.5);
#56=CYLINDRICAL_SURFACE('',#2686,2.5);
#57=CYLINDRICAL_SURFACE('',#2692,2.5);
#58=CYLINDRICAL_SURFACE('',#2726,1.175);
#59=CYLINDRICAL_SURFACE('',#2732,1.45);
#60=CYLINDRICAL_SURFACE('',#2739,1.45);
#61=CYLINDRICAL_SURFACE('',#2743,1.175);
#62=CYLINDRICAL_SURFACE('',#2744,1.175);
#63=CYLINDRICAL_SURFACE('',#2750,1.45);
#64=CYLINDRICAL_SURFACE('',#2757,1.45);
#65=CYLINDRICAL_SURFACE('',#2761,1.175);
#66=CYLINDRICAL_SURFACE('',#2762,1.175);
#67=CYLINDRICAL_SURFACE('',#2768,1.45);
#68=CYLINDRICAL_SURFACE('',#2775,1.45);
#69=CYLINDRICAL_SURFACE('',#2779,1.175);
#70=CYLINDRICAL_SURFACE('',#2791,1.45);
#71=CYLINDRICAL_SURFACE('',#2795,1.175);
#72=CYLINDRICAL_SURFACE('',#2796,1.175);
#73=CYLINDRICAL_SURFACE('',#2797,1.45);
#74=CYLINDRICAL_SURFACE('',#2814,2.75);
#75=CIRCLE('',#2634,2.75);
#76=CIRCLE('',#2635,2.75);
#77=CIRCLE('',#2637,2.75);
#78=CIRCLE('',#2638,2.75);
#79=CIRCLE('',#2659,2.75);
#80=CIRCLE('',#2663,2.5);
#81=CIRCLE('',#2664,2.5);
#82=CIRCLE('',#2665,2.5);
#83=CIRCLE('',#2666,2.5);
#84=CIRCLE('',#2672,2.75);
#85=CIRCLE('',#2675,2.5);
#86=CIRCLE('',#2676,2.5);
#87=CIRCLE('',#2677,2.5);
#88=CIRCLE('',#2678,2.5);
#89=CIRCLE('',#2679,2.5);
#90=CIRCLE('',#2681,2.5);
#91=CIRCLE('',#2682,2.5);
#92=CIRCLE('',#2683,2.5);
#93=CIRCLE('',#2684,2.5);
#94=CIRCLE('',#2685,2.5);
#95=CIRCLE('',#2687,2.5);
#96=CIRCLE('',#2688,2.5);
#97=CIRCLE('',#2689,2.5);
#98=CIRCLE('',#2690,2.5);
#99=CIRCLE('',#2691,2.5);
#100=CIRCLE('',#2693,2.5);
#101=CIRCLE('',#2694,2.5);
#102=CIRCLE('',#2695,2.5);
#103=CIRCLE('',#2696,2.5);
#104=CIRCLE('',#2697,2.5);
#105=CIRCLE('',#2699,1.175);
#106=CIRCLE('',#2704,1.175);
#107=CIRCLE('',#2706,1.175);
#108=CIRCLE('',#2711,1.175);
#109=CIRCLE('',#2713,1.175);
#110=CIRCLE('',#2718,1.175);
#111=CIRCLE('',#2720,1.175);
#112=CIRCLE('',#2725,1.175);
#113=CIRCLE('',#2727,1.175);
#114=CIRCLE('',#2729,1.05);
#115=CIRCLE('',#2731,1.45);
#116=CIRCLE('',#2733,1.45);
#117=CIRCLE('',#2736,1.05);
#118=CIRCLE('',#2738,1.45);
#119=CIRCLE('',#2740,1.45);
#120=CIRCLE('',#2742,1.175);
#121=CIRCLE('',#2745,1.175);
#122=CIRCLE('',#2747,1.05);
#123=CIRCLE('',#2749,1.45);
#124=CIRCLE('',#2751,1.45);
#125=CIRCLE('',#2754,1.05);
#126=CIRCLE('',#2756,1.45);
#127=CIRCLE('',#2758,1.45);
#128=CIRCLE('',#2760,1.175);
#129=CIRCLE('',#2763,1.175);
#130=CIRCLE('',#2765,1.05);
#131=CIRCLE('',#2767,1.45);
#132=CIRCLE('',#2769,1.45);
#133=CIRCLE('',#2772,1.05);
#134=CIRCLE('',#2774,1.45);
#135=CIRCLE('',#2776,1.45);
#136=CIRCLE('',#2778,1.175);
#137=CIRCLE('',#2781,1.05);
#138=CIRCLE('',#2783,1.45);
#139=CIRCLE('',#2785,1.45);
#140=CIRCLE('',#2786,1.175);
#141=CIRCLE('',#2788,1.05);
#142=CIRCLE('',#2790,1.45);
#143=CIRCLE('',#2792,1.45);
#144=CIRCLE('',#2794,1.175);
#145=CIRCLE('',#2803,2.75);
#146=CIRCLE('',#2815,2.75);
#147=SHAPE_REPRESENTATION_RELATIONSHIP('SRR','None',#4639,#151);
#148=SHAPE_REPRESENTATION_RELATIONSHIP('SRR','None',#4640,#152);
#149=SHAPE_REPRESENTATION_RELATIONSHIP('SRR','None',#4641,#153);
#150=SHAPE_REPRESENTATION_RELATIONSHIP('SRR','None',#4642,#154);
#151=ADVANCED_BREP_SHAPE_REPRESENTATION('',(#159),#4615);
#152=ADVANCED_BREP_SHAPE_REPRESENTATION('',(#160),#4616);
#153=ADVANCED_BREP_SHAPE_REPRESENTATION('',(#161),#4617);
#154=ADVANCED_BREP_SHAPE_REPRESENTATION('',(#162),#4618);
#155=STYLED_ITEM('',(#4667),#159);
#156=STYLED_ITEM('',(#4667),#160);
#157=STYLED_ITEM('',(#4667),#161);
#158=STYLED_ITEM('',(#4667),#162);
#159=MANIFOLD_SOLID_BREP('Bry\X2\0142\X0\a1',#2563);
#160=MANIFOLD_SOLID_BREP('Bry\X2\0142\X0\a1',#2564);
#161=MANIFOLD_SOLID_BREP('Bry\X2\0142\X0\a1',#2565);
#162=MANIFOLD_SOLID_BREP('Bry\X2\0142\X0\a1',#2566);
#163=FACE_BOUND('',#318,.T.);
#164=FACE_BOUND('',#333,.T.);
#165=FACE_BOUND('',#334,.T.);
#166=FACE_BOUND('',#335,.T.);
#167=FACE_BOUND('',#337,.T.);
#168=FACE_BOUND('',#338,.T.);
#169=FACE_BOUND('',#339,.T.);
#170=FACE_BOUND('',#359,.T.);
#171=FACE_BOUND('',#363,.T.);
#172=FACE_BOUND('',#364,.T.);
#173=FACE_BOUND('',#365,.T.);
#174=FACE_BOUND('',#366,.T.);
#175=FACE_BOUND('',#373,.T.);
#176=FACE_BOUND('',#442,.T.);
#177=FACE_BOUND('',#444,.T.);
#178=FACE_BOUND('',#462,.T.);
#179=FACE_OUTER_BOUND('',#313,.T.);
#180=FACE_OUTER_BOUND('',#314,.T.);
#181=FACE_OUTER_BOUND('',#315,.T.);
#182=FACE_OUTER_BOUND('',#316,.T.);
#183=FACE_OUTER_BOUND('',#317,.T.);
#184=FACE_OUTER_BOUND('',#319,.T.);
#185=FACE_OUTER_BOUND('',#320,.T.);
#186=FACE_OUTER_BOUND('',#321,.T.);
#187=FACE_OUTER_BOUND('',#322,.T.);
#188=FACE_OUTER_BOUND('',#323,.T.);
#189=FACE_OUTER_BOUND('',#324,.T.);
#190=FACE_OUTER_BOUND('',#325,.T.);
#191=FACE_OUTER_BOUND('',#326,.T.);
#192=FACE_OUTER_BOUND('',#327,.T.);
#193=FACE_OUTER_BOUND('',#328,.T.);
#194=FACE_OUTER_BOUND('',#329,.T.);
#195=FACE_OUTER_BOUND('',#330,.T.);
#196=FACE_OUTER_BOUND('',#331,.T.);
#197=FACE_OUTER_BOUND('',#332,.T.);
#198=FACE_OUTER_BOUND('',#336,.T.);
#199=FACE_OUTER_BOUND('',#340,.T.);
#200=FACE_OUTER_BOUND('',#341,.T.);
#201=FACE_OUTER_BOUND('',#342,.T.);
#202=FACE_OUTER_BOUND('',#343,.T.);
#203=FACE_OUTER_BOUND('',#344,.T.);
#204=FACE_OUTER_BOUND('',#345,.T.);
#205=FACE_OUTER_BOUND('',#346,.T.);
#206=FACE_OUTER_BOUND('',#347,.T.);
#207=FACE_OUTER_BOUND('',#348,.T.);
#208=FACE_OUTER_BOUND('',#349,.T.);
#209=FACE_OUTER_BOUND('',#350,.T.);
#210=FACE_OUTER_BOUND('',#351,.T.);
#211=FACE_OUTER_BOUND('',#352,.T.);
#212=FACE_OUTER_BOUND('',#353,.T.);
#213=FACE_OUTER_BOUND('',#354,.T.);
#214=FACE_OUTER_BOUND('',#355,.T.);
#215=FACE_OUTER_BOUND('',#356,.T.);
#216=FACE_OUTER_BOUND('',#357,.T.);
#217=FACE_OUTER_BOUND('',#358,.T.);
#218=FACE_OUTER_BOUND('',#360,.T.);
#219=FACE_OUTER_BOUND('',#361,.T.);
#220=FACE_OUTER_BOUND('',#362,.T.);
#221=FACE_OUTER_BOUND('',#367,.T.);
#222=FACE_OUTER_BOUND('',#368,.T.);
#223=FACE_OUTER_BOUND('',#369,.T.);
#224=FACE_OUTER_BOUND('',#370,.T.);
#225=FACE_OUTER_BOUND('',#371,.T.);
#226=FACE_OUTER_BOUND('',#372,.T.);
#227=FACE_OUTER_BOUND('',#374,.T.);
#228=FACE_OUTER_BOUND('',#375,.T.);
#229=FACE_OUTER_BOUND('',#376,.T.);
#230=FACE_OUTER_BOUND('',#377,.T.);
#231=FACE_OUTER_BOUND('',#378,.T.);
#232=FACE_OUTER_BOUND('',#379,.T.);
#233=FACE_OUTER_BOUND('',#380,.T.);
#234=FACE_OUTER_BOUND('',#381,.T.);
#235=FACE_OUTER_BOUND('',#382,.T.);
#236=FACE_OUTER_BOUND('',#383,.T.);
#237=FACE_OUTER_BOUND('',#384,.T.);
#238=FACE_OUTER_BOUND('',#385,.T.);
#239=FACE_OUTER_BOUND('',#386,.T.);
#240=FACE_OUTER_BOUND('',#387,.T.);
#241=FACE_OUTER_BOUND('',#388,.T.);
#242=FACE_OUTER_BOUND('',#389,.T.);
#243=FACE_OUTER_BOUND('',#390,.T.);
#244=FACE_OUTER_BOUND('',#391,.T.);
#245=FACE_OUTER_BOUND('',#392,.T.);
#246=FACE_OUTER_BOUND('',#393,.T.);
#247=FACE_OUTER_BOUND('',#394,.T.);
#248=FACE_OUTER_BOUND('',#395,.T.);
#249=FACE_OUTER_BOUND('',#396,.T.);
#250=FACE_OUTER_BOUND('',#397,.T.);
#251=FACE_OUTER_BOUND('',#398,.T.);
#252=FACE_OUTER_BOUND('',#399,.T.);
#253=FACE_OUTER_BOUND('',#400,.T.);
#254=FACE_OUTER_BOUND('',#401,.T.);
#255=FACE_OUTER_BOUND('',#402,.T.);
#256=FACE_OUTER_BOUND('',#403,.T.);
#257=FACE_OUTER_BOUND('',#404,.T.);
#258=FACE_OUTER_BOUND('',#405,.T.);
#259=FACE_OUTER_BOUND('',#406,.T.);
#260=FACE_OUTER_BOUND('',#407,.T.);
#261=FACE_OUTER_BOUND('',#408,.T.);
#262=FACE_OUTER_BOUND('',#409,.T.);
#263=FACE_OUTER_BOUND('',#410,.T.);
#264=FACE_OUTER_BOUND('',#411,.T.);
#265=FACE_OUTER_BOUND('',#412,.T.);
#266=FACE_OUTER_BOUND('',#413,.T.);
#267=FACE_OUTER_BOUND('',#414,.T.);
#268=FACE_OUTER_BOUND('',#415,.T.);
#269=FACE_OUTER_BOUND('',#416,.T.);
#270=FACE_OUTER_BOUND('',#417,.T.);
#271=FACE_OUTER_BOUND('',#418,.T.);
#272=FACE_OUTER_BOUND('',#419,.T.);
#273=FACE_OUTER_BOUND('',#420,.T.);
#274=FACE_OUTER_BOUND('',#421,.T.);
#275=FACE_OUTER_BOUND('',#422,.T.);
#276=FACE_OUTER_BOUND('',#423,.T.);
#277=FACE_OUTER_BOUND('',#424,.T.);
#278=FACE_OUTER_BOUND('',#425,.T.);
#279=FACE_OUTER_BOUND('',#426,.T.);
#280=FACE_OUTER_BOUND('',#427,.T.);
#281=FACE_OUTER_BOUND('',#428,.T.);
#282=FACE_OUTER_BOUND('',#429,.T.);
#283=FACE_OUTER_BOUND('',#430,.T.);
#284=FACE_OUTER_BOUND('',#431,.T.);
#285=FACE_OUTER_BOUND('',#432,.T.);
#286=FACE_OUTER_BOUND('',#433,.T.);
#287=FACE_OUTER_BOUND('',#434,.T.);
#288=FACE_OUTER_BOUND('',#435,.T.);
#289=FACE_OUTER_BOUND('',#436,.T.);
#290=FACE_OUTER_BOUND('',#437,.T.);
#291=FACE_OUTER_BOUND('',#438,.T.);
#292=FACE_OUTER_BOUND('',#439,.T.);
#293=FACE_OUTER_BOUND('',#440,.T.);
#294=FACE_OUTER_BOUND('',#441,.T.);
#295=FACE_OUTER_BOUND('',#443,.T.);
#296=FACE_OUTER_BOUND('',#445,.T.);
#297=FACE_OUTER_BOUND('',#446,.T.);
#298=FACE_OUTER_BOUND('',#447,.T.);
#299=FACE_OUTER_BOUND('',#448,.T.);
#300=FACE_OUTER_BOUND('',#449,.T.);
#301=FACE_OUTER_BOUND('',#450,.T.);
#302=FACE_OUTER_BOUND('',#451,.T.);
#303=FACE_OUTER_BOUND('',#452,.T.);
#304=FACE_OUTER_BOUND('',#453,.T.);
#305=FACE_OUTER_BOUND('',#454,.T.);
#306=FACE_OUTER_BOUND('',#455,.T.);
#307=FACE_OUTER_BOUND('',#456,.T.);
#308=FACE_OUTER_BOUND('',#457,.T.);
#309=FACE_OUTER_BOUND('',#458,.T.);
#310=FACE_OUTER_BOUND('',#459,.T.);
#311=FACE_OUTER_BOUND('',#460,.T.);
#312=FACE_OUTER_BOUND('',#461,.T.);
#313=EDGE_LOOP('',(#1607,#1608,#1609,#1610));
#314=EDGE_LOOP('',(#1611,#1612,#1613,#1614));
#315=EDGE_LOOP('',(#1615,#1616,#1617,#1618));
#316=EDGE_LOOP('',(#1619,#1620,#1621,#1622));
#317=EDGE_LOOP('',(#1623,#1624,#1625,#1626,#1627,#1628,#1629,#1630));
#318=EDGE_LOOP('',(#1631,#1632,#1633,#1634));
#319=EDGE_LOOP('',(#1635,#1636,#1637,#1638,#1639,#1640,#1641,#1642));
#320=EDGE_LOOP('',(#1643,#1644,#1645,#1646));
#321=EDGE_LOOP('',(#1647,#1648,#1649,#1650));
#322=EDGE_LOOP('',(#1651,#1652,#1653,#1654));
#323=EDGE_LOOP('',(#1655,#1656,#1657,#1658));
#324=EDGE_LOOP('',(#1659,#1660,#1661,#1662));
#325=EDGE_LOOP('',(#1663,#1664,#1665,#1666));
#326=EDGE_LOOP('',(#1667,#1668,#1669,#1670));
#327=EDGE_LOOP('',(#1671,#1672,#1673,#1674));
#328=EDGE_LOOP('',(#1675,#1676,#1677,#1678));
#329=EDGE_LOOP('',(#1679,#1680,#1681,#1682));
#330=EDGE_LOOP('',(#1683,#1684,#1685,#1686));
#331=EDGE_LOOP('',(#1687,#1688,#1689,#1690));
#332=EDGE_LOOP('',(#1691,#1692,#1693,#1694,#1695,#1696,#1697,#1698));
#333=EDGE_LOOP('',(#1699,#1700,#1701,#1702));
#334=EDGE_LOOP('',(#1703,#1704,#1705,#1706));
#335=EDGE_LOOP('',(#1707,#1708,#1709,#1710));
#336=EDGE_LOOP('',(#1711,#1712,#1713,#1714,#1715,#1716,#1717,#1718));
#337=EDGE_LOOP('',(#1719,#1720,#1721,#1722));
#338=EDGE_LOOP('',(#1723,#1724,#1725,#1726));
#339=EDGE_LOOP('',(#1727,#1728,#1729,#1730));
#340=EDGE_LOOP('',(#1731,#1732,#1733,#1734));
#341=EDGE_LOOP('',(#1735,#1736,#1737,#1738));
#342=EDGE_LOOP('',(#1739,#1740,#1741,#1742));
#343=EDGE_LOOP('',(#1743,#1744,#1745,#1746));
#344=EDGE_LOOP('',(#1747,#1748,#1749,#1750));
#345=EDGE_LOOP('',(#1751,#1752,#1753,#1754));
#346=EDGE_LOOP('',(#1755,#1756,#1757,#1758));
#347=EDGE_LOOP('',(#1759,#1760,#1761,#1762));
#348=EDGE_LOOP('',(#1763,#1764,#1765,#1766));
#349=EDGE_LOOP('',(#1767,#1768,#1769,#1770));
#350=EDGE_LOOP('',(#1771,#1772,#1773,#1774));
#351=EDGE_LOOP('',(#1775,#1776,#1777,#1778));
#352=EDGE_LOOP('',(#1779,#1780,#1781,#1782));
#353=EDGE_LOOP('',(#1783,#1784,#1785,#1786));
#354=EDGE_LOOP('',(#1787,#1788,#1789,#1790));
#355=EDGE_LOOP('',(#1791,#1792,#1793,#1794));
#356=EDGE_LOOP('',(#1795,#1796,#1797,#1798));
#357=EDGE_LOOP('',(#1799,#1800,#1801,#1802));
#358=EDGE_LOOP('',(#1803,#1804,#1805,#1806,#1807,#1808,#1809,#1810));
#359=EDGE_LOOP('',(#1811));
#360=EDGE_LOOP('',(#1812,#1813,#1814,#1815));
#361=EDGE_LOOP('',(#1816,#1817,#1818,#1819));
#362=EDGE_LOOP('',(#1820,#1821,#1822,#1823,#1824,#1825,#1826,#1827));
#363=EDGE_LOOP('',(#1828));
#364=EDGE_LOOP('',(#1829));
#365=EDGE_LOOP('',(#1830));
#366=EDGE_LOOP('',(#1831));
#367=EDGE_LOOP('',(#1832,#1833,#1834,#1835));
#368=EDGE_LOOP('',(#1836,#1837,#1838,#1839));
#369=EDGE_LOOP('',(#1840,#1841,#1842,#1843));
#370=EDGE_LOOP('',(#1844,#1845,#1846,#1847));
#371=EDGE_LOOP('',(#1848,#1849,#1850,#1851));
#372=EDGE_LOOP('',(#1852,#1853,#1854,#1855));
#373=EDGE_LOOP('',(#1856));
#374=EDGE_LOOP('',(#1857,#1858,#1859,#1860,#1861,#1862,#1863,#1864,#1865,
#1866,#1867,#1868));
#375=EDGE_LOOP('',(#1869,#1870,#1871,#1872,#1873,#1874,#1875,#1876,#1877,
#1878,#1879,#1880));
#376=EDGE_LOOP('',(#1881,#1882,#1883,#1884,#1885,#1886,#1887,#1888,#1889,
#1890,#1891,#1892));
#377=EDGE_LOOP('',(#1893,#1894,#1895,#1896,#1897,#1898,#1899,#1900,#1901,
#1902,#1903,#1904));
#378=EDGE_LOOP('',(#1905,#1906,#1907,#1908));
#379=EDGE_LOOP('',(#1909,#1910,#1911,#1912,#1913,#1914,#1915,#1916,#1917,
#1918,#1919,#1920,#1921,#1922));
#380=EDGE_LOOP('',(#1923,#1924,#1925,#1926));
#381=EDGE_LOOP('',(#1927,#1928,#1929,#1930,#1931,#1932,#1933,#1934,#1935,
#1936,#1937,#1938,#1939,#1940));
#382=EDGE_LOOP('',(#1941,#1942,#1943,#1944,#1945));
#383=EDGE_LOOP('',(#1946,#1947,#1948,#1949));
#384=EDGE_LOOP('',(#1950,#1951,#1952,#1953,#1954,#1955,#1956,#1957,#1958,
#1959,#1960,#1961,#1962,#1963));
#385=EDGE_LOOP('',(#1964,#1965,#1966,#1967));
#386=EDGE_LOOP('',(#1968,#1969,#1970,#1971,#1972,#1973,#1974,#1975,#1976,
#1977,#1978,#1979,#1980,#1981));
#387=EDGE_LOOP('',(#1982,#1983,#1984,#1985,#1986));
#388=EDGE_LOOP('',(#1987,#1988,#1989,#1990));
#389=EDGE_LOOP('',(#1991,#1992,#1993,#1994,#1995,#1996,#1997,#1998,#1999,
#2000,#2001,#2002,#2003,#2004));
#390=EDGE_LOOP('',(#2005,#2006,#2007,#2008));
#391=EDGE_LOOP('',(#2009,#2010,#2011,#2012,#2013,#2014,#2015,#2016,#2017,
#2018,#2019,#2020,#2021,#2022));
#392=EDGE_LOOP('',(#2023,#2024,#2025,#2026,#2027));
#393=EDGE_LOOP('',(#2028,#2029,#2030,#2031));
#394=EDGE_LOOP('',(#2032,#2033,#2034,#2035,#2036,#2037,#2038,#2039,#2040,
#2041,#2042,#2043,#2044,#2045));
#395=EDGE_LOOP('',(#2046,#2047,#2048,#2049));
#396=EDGE_LOOP('',(#2050,#2051,#2052,#2053,#2054,#2055,#2056,#2057,#2058,
#2059,#2060,#2061,#2062,#2063));
#397=EDGE_LOOP('',(#2064,#2065,#2066,#2067,#2068));
#398=EDGE_LOOP('',(#2069,#2070,#2071,#2072));
#399=EDGE_LOOP('',(#2073,#2074));
#400=EDGE_LOOP('',(#2075,#2076,#2077,#2078));
#401=EDGE_LOOP('',(#2079,#2080,#2081,#2082));
#402=EDGE_LOOP('',(#2083,#2084,#2085,#2086));
#403=EDGE_LOOP('',(#2087,#2088));
#404=EDGE_LOOP('',(#2089,#2090,#2091,#2092));
#405=EDGE_LOOP('',(#2093,#2094,#2095,#2096));
#406=EDGE_LOOP('',(#2097,#2098,#2099,#2100));
#407=EDGE_LOOP('',(#2101,#2102,#2103,#2104));
#408=EDGE_LOOP('',(#2105,#2106,#2107,#2108));
#409=EDGE_LOOP('',(#2109,#2110));
#410=EDGE_LOOP('',(#2111,#2112,#2113,#2114));
#411=EDGE_LOOP('',(#2115,#2116,#2117,#2118));
#412=EDGE_LOOP('',(#2119,#2120,#2121,#2122));
#413=EDGE_LOOP('',(#2123,#2124));
#414=EDGE_LOOP('',(#2125,#2126,#2127,#2128));
#415=EDGE_LOOP('',(#2129,#2130,#2131,#2132));
#416=EDGE_LOOP('',(#2133,#2134,#2135,#2136));
#417=EDGE_LOOP('',(#2137,#2138,#2139,#2140));
#418=EDGE_LOOP('',(#2141,#2142,#2143,#2144));
#419=EDGE_LOOP('',(#2145,#2146));
#420=EDGE_LOOP('',(#2147,#2148,#2149,#2150));
#421=EDGE_LOOP('',(#2151,#2152,#2153,#2154));
#422=EDGE_LOOP('',(#2155,#2156,#2157,#2158));
#423=EDGE_LOOP('',(#2159,#2160));
#424=EDGE_LOOP('',(#2161,#2162,#2163,#2164));
#425=EDGE_LOOP('',(#2165,#2166,#2167,#2168));
#426=EDGE_LOOP('',(#2169,#2170,#2171,#2172));
#427=EDGE_LOOP('',(#2173,#2174,#2175,#2176));
#428=EDGE_LOOP('',(#2177,#2178));
#429=EDGE_LOOP('',(#2179,#2180,#2181,#2182));
#430=EDGE_LOOP('',(#2183,#2184,#2185,#2186));
#431=EDGE_LOOP('',(#2187,#2188));
#432=EDGE_LOOP('',(#2189,#2190,#2191,#2192));
#433=EDGE_LOOP('',(#2193,#2194,#2195,#2196));
#434=EDGE_LOOP('',(#2197,#2198,#2199,#2200));
#435=EDGE_LOOP('',(#2201,#2202,#2203,#2204));
#436=EDGE_LOOP('',(#2205,#2206,#2207,#2208));
#437=EDGE_LOOP('',(#2209,#2210,#2211,#2212));
#438=EDGE_LOOP('',(#2213,#2214,#2215,#2216));
#439=EDGE_LOOP('',(#2217,#2218,#2219,#2220));
#440=EDGE_LOOP('',(#2221,#2222,#2223,#2224));
#441=EDGE_LOOP('',(#2225,#2226,#2227,#2228,#2229,#2230,#2231,#2232,#2233,
#2234,#2235,#2236));
#442=EDGE_LOOP('',(#2237));
#443=EDGE_LOOP('',(#2238,#2239,#2240,#2241,#2242,#2243,#2244,#2245,#2246,
#2247,#2248,#2249));
#444=EDGE_LOOP('',(#2250,#2251,#2252,#2253,#2254,#2255));
#445=EDGE_LOOP('',(#2256,#2257,#2258,#2259));
#446=EDGE_LOOP('',(#2260,#2261,#2262,#2263));
#447=EDGE_LOOP('',(#2264,#2265,#2266,#2267));
#448=EDGE_LOOP('',(#2268,#2269,#2270,#2271));
#449=EDGE_LOOP('',(#2272,#2273,#2274,#2275));
#450=EDGE_LOOP('',(#2276,#2277,#2278,#2279));
#451=EDGE_LOOP('',(#2280,#2281,#2282,#2283));
#452=EDGE_LOOP('',(#2284,#2285,#2286,#2287));
#453=EDGE_LOOP('',(#2288,#2289,#2290,#2291));
#454=EDGE_LOOP('',(#2292,#2293,#2294,#2295));
#455=EDGE_LOOP('',(#2296,#2297,#2298,#2299));
#456=EDGE_LOOP('',(#2300,#2301,#2302,#2303));
#457=EDGE_LOOP('',(#2304,#2305,#2306,#2307));
#458=EDGE_LOOP('',(#2308,#2309,#2310,#2311));
#459=EDGE_LOOP('',(#2312,#2313,#2314,#2315));
#460=EDGE_LOOP('',(#2316,#2317,#2318,#2319));
#461=EDGE_LOOP('',(#2320,#2321,#2322,#2323,#2324,#2325));
#462=EDGE_LOOP('',(#2326));
#463=LINE('',#3534,#735);
#464=LINE('',#3536,#736);
#465=LINE('',#3538,#737);
#466=LINE('',#3539,#738);
#467=LINE('',#3542,#739);
#468=LINE('',#3544,#740);
#469=LINE('',#3545,#741);
#470=LINE('',#3548,#742);
#471=LINE('',#3550,#743);
#472=LINE('',#3551,#744);
#473=LINE('',#3553,#745);
#474=LINE('',#3556,#746);
#475=LINE('',#3558,#747);
#476=LINE('',#3560,#748);
#477=LINE('',#3562,#749);
#478=LINE('',#3563,#750);
#479=LINE('',#3566,#751);
#480=LINE('',#3568,#752);
#481=LINE('',#3570,#753);
#482=LINE('',#3571,#754);
#483=LINE('',#3574,#755);
#484=LINE('',#3576,#756);
#485=LINE('',#3577,#757);
#486=LINE('',#3580,#758);
#487=LINE('',#3581,#759);
#488=LINE('',#3584,#760);
#489=LINE('',#3585,#761);
#490=LINE('',#3587,#762);
#491=LINE('',#3591,#763);
#492=LINE('',#3593,#764);
#493=LINE('',#3594,#765);
#494=LINE('',#3597,#766);
#495=LINE('',#3598,#767);
#496=LINE('',#3601,#768);
#497=LINE('',#3602,#769);
#498=LINE('',#3604,#770);
#499=LINE('',#3610,#771);
#500=LINE('',#3612,#772);
#501=LINE('',#3614,#773);
#502=LINE('',#3615,#774);
#503=LINE('',#3619,#775);
#504=LINE('',#3620,#776);
#505=LINE('',#3621,#777);
#506=LINE('',#3624,#778);
#507=LINE('',#3626,#779);
#508=LINE('',#3627,#780);
#509=LINE('',#3630,#781);
#510=LINE('',#3632,#782);
#511=LINE('',#3634,#783);
#512=LINE('',#3636,#784);
#513=LINE('',#3637,#785);
#514=LINE('',#3640,#786);
#515=LINE('',#3642,#787);
#516=LINE('',#3644,#788);
#517=LINE('',#3645,#789);
#518=LINE('',#3648,#790);
#519=LINE('',#3650,#791);
#520=LINE('',#3652,#792);
#521=LINE('',#3653,#793);
#522=LINE('',#3658,#794);
#523=LINE('',#3661,#795);
#524=LINE('',#3664,#796);
#525=LINE('',#3666,#797);
#526=LINE('',#3668,#798);
#527=LINE('',#3670,#799);
#528=LINE('',#3671,#800);
#529=LINE('',#3674,#801);
#530=LINE('',#3676,#802);
#531=LINE('',#3678,#803);
#532=LINE('',#3679,#804);
#533=LINE('',#3682,#805);
#534=LINE('',#3684,#806);
#535=LINE('',#3686,#807);
#536=LINE('',#3687,#808);
#537=LINE('',#3692,#809);
#538=LINE('',#3695,#810);
#539=LINE('',#3697,#811);
#540=LINE('',#3699,#812);
#541=LINE('',#3701,#813);
#542=LINE('',#3703,#814);
#543=LINE('',#3706,#815);
#544=LINE('',#3707,#816);
#545=LINE('',#3709,#817);
#546=LINE('',#3711,#818);
#547=LINE('',#3714,#819);
#548=LINE('',#3715,#820);
#549=LINE('',#3717,#821);
#550=LINE('',#3719,#822);
#551=LINE('',#3722,#823);
#552=LINE('',#3723,#824);
#553=LINE('',#3725,#825);
#554=LINE('',#3727,#826);
#555=LINE('',#3733,#827);
#556=LINE('',#3735,#828);
#557=LINE('',#3737,#829);
#558=LINE('',#3738,#830);
#559=LINE('',#3742,#831);
#560=LINE('',#3743,#832);
#561=LINE('',#3745,#833);
#562=LINE('',#3747,#834);
#563=LINE('',#3749,#835);
#564=LINE('',#3751,#836);
#565=LINE('',#3752,#837);
#566=LINE('',#3757,#838);
#567=LINE('',#3759,#839);
#568=LINE('',#3760,#840);
#569=LINE('',#3762,#841);
#570=LINE('',#3764,#842);
#571=LINE('',#3766,#843);
#572=LINE('',#3768,#844);
#573=LINE('',#3769,#845);
#574=LINE('',#3781,#846);
#575=LINE('',#3782,#847);
#576=LINE('',#3785,#848);
#577=LINE('',#3786,#849);
#578=LINE('',#3788,#850);
#579=LINE('',#3792,#851);
#580=LINE('',#3796,#852);
#581=LINE('',#3800,#853);
#582=LINE('',#3804,#854);
#583=LINE('',#3808,#855);
#584=LINE('',#3812,#856);
#585=LINE('',#3816,#857);
#586=LINE('',#3820,#858);
#587=LINE('',#3824,#859);
#588=LINE('',#3828,#860);
#589=LINE('',#3832,#861);
#590=LINE('',#3836,#862);
#591=LINE('',#3840,#863);
#592=LINE('',#3844,#864);
#593=LINE('',#3848,#865);
#594=LINE('',#3852,#866);
#595=LINE('',#3856,#867);
#596=LINE('',#3860,#868);
#597=LINE('',#3864,#869);
#598=LINE('',#3868,#870);
#599=LINE('',#3872,#871);
#600=LINE('',#3876,#872);
#601=LINE('',#3879,#873);
#602=LINE('',#3883,#874);
#603=LINE('',#3908,#875);
#604=LINE('',#3910,#876);
#605=LINE('',#3911,#877);
#606=LINE('',#3912,#878);
#607=LINE('',#3914,#879);
#608=LINE('',#3916,#880);
#609=LINE('',#3918,#881);
#610=LINE('',#3942,#882);
#611=LINE('',#3946,#883);
#612=LINE('',#3971,#884);
#613=LINE('',#3973,#885);
#614=LINE('',#3975,#886);
#615=LINE('',#3976,#887);
#616=LINE('',#3978,#888);
#617=LINE('',#3980,#889);
#618=LINE('',#3982,#890);
#619=LINE('',#3984,#891);
#620=LINE('',#4011,#892);
#621=LINE('',#4014,#893);
#622=LINE('',#4018,#894);
#623=LINE('',#4043,#895);
#624=LINE('',#4045,#896);
#625=LINE('',#4046,#897);
#626=LINE('',#4047,#898);
#627=LINE('',#4049,#899);
#628=LINE('',#4051,#900);
#629=LINE('',#4053,#901);
#630=LINE('',#4077,#902);
#631=LINE('',#4081,#903);
#632=LINE('',#4106,#904);
#633=LINE('',#4108,#905);
#634=LINE('',#4110,#906);
#635=LINE('',#4111,#907);
#636=LINE('',#4113,#908);
#637=LINE('',#4115,#909);
#638=LINE('',#4117,#910);
#639=LINE('',#4119,#911);
#640=LINE('',#4146,#912);
#641=LINE('',#4149,#913);
#642=LINE('',#4153,#914);
#643=LINE('',#4178,#915);
#644=LINE('',#4180,#916);
#645=LINE('',#4181,#917);
#646=LINE('',#4182,#918);
#647=LINE('',#4184,#919);
#648=LINE('',#4186,#920);
#649=LINE('',#4188,#921);
#650=LINE('',#4212,#922);
#651=LINE('',#4216,#923);
#652=LINE('',#4241,#924);
#653=LINE('',#4243,#925);
#654=LINE('',#4245,#926);
#655=LINE('',#4246,#927);
#656=LINE('',#4248,#928);
#657=LINE('',#4250,#929);
#658=LINE('',#4252,#930);
#659=LINE('',#4254,#931);
#660=LINE('',#4281,#932);
#661=LINE('',#4284,#933);
#662=LINE('',#4288,#934);
#663=LINE('',#4313,#935);
#664=LINE('',#4315,#936);
#665=LINE('',#4316,#937);
#666=LINE('',#4317,#938);
#667=LINE('',#4319,#939);
#668=LINE('',#4321,#940);
#669=LINE('',#4323,#941);
#670=LINE('',#4347,#942);
#671=LINE('',#4351,#943);
#672=LINE('',#4376,#944);
#673=LINE('',#4378,#945);
#674=LINE('',#4380,#946);
#675=LINE('',#4381,#947);
#676=LINE('',#4383,#948);
#677=LINE('',#4385,#949);
#678=LINE('',#4387,#950);
#679=LINE('',#4389,#951);
#680=LINE('',#4490,#952);
#681=LINE('',#4492,#953);
#682=LINE('',#4494,#954);
#683=LINE('',#4495,#955);
#684=LINE('',#4499,#956);
#685=LINE('',#4500,#957);
#686=LINE('',#4501,#958);
#687=LINE('',#4504,#959);
#688=LINE('',#4506,#960);
#689=LINE('',#4507,#961);
#690=LINE('',#4510,#962);
#691=LINE('',#4512,#963);
#692=LINE('',#4514,#964);
#693=LINE('',#4516,#965);
#694=LINE('',#4518,#966);
#695=LINE('',#4520,#967);
#696=LINE('',#4522,#968);
#697=LINE('',#4524,#969);
#698=LINE('',#4525,#970);
#699=LINE('',#4530,#971);
#700=LINE('',#4532,#972);
#701=LINE('',#4534,#973);
#702=LINE('',#4536,#974);
#703=LINE('',#4538,#975);
#704=LINE('',#4540,#976);
#705=LINE('',#4542,#977);
#706=LINE('',#4544,#978);
#707=LINE('',#4545,#979);
#708=LINE('',#4548,#980);
#709=LINE('',#4550,#981);
#710=LINE('',#4552,#982);
#711=LINE('',#4554,#983);
#712=LINE('',#4556,#984);
#713=LINE('',#4557,#985);
#714=LINE('',#4559,#986);
#715=LINE('',#4561,#987);
#716=LINE('',#4563,#988);
#717=LINE('',#4565,#989);
#718=LINE('',#4567,#990);
#719=LINE('',#4569,#991);
#720=LINE('',#4571,#992);
#721=LINE('',#4573,#993);
#722=LINE('',#4577,#994);
#723=LINE('',#4581,#995);
#724=LINE('',#4583,#996);
#725=LINE('',#4584,#997);
#726=LINE('',#4587,#998);
#727=LINE('',#4588,#999);
#728=LINE('',#4591,#1000);
#729=LINE('',#4592,#1001);
#730=LINE('',#4595,#1002);
#731=LINE('',#4596,#1003);
#732=LINE('',#4599,#1004);
#733=LINE('',#4600,#1005);
#734=LINE('',#4602,#1006);
#735=VECTOR('',#2833,10.);
#736=VECTOR('',#2834,10.);
#737=VECTOR('',#2835,10.);
#738=VECTOR('',#2836,10.);
#739=VECTOR('',#2839,10.);
#740=VECTOR('',#2840,10.);
#741=VECTOR('',#2841,10.);
#742=VECTOR('',#2844,10.);
#743=VECTOR('',#2845,10.);
#744=VECTOR('',#2846,10.);
#745=VECTOR('',#2849,10.);
#746=VECTOR('',#2852,1.);
#747=VECTOR('',#2853,1.);
#748=VECTOR('',#2854,1.);
#749=VECTOR('',#2855,1.);
#750=VECTOR('',#2856,1.);
#751=VECTOR('',#2857,1.);
#752=VECTOR('',#2858,1.);
#753=VECTOR('',#2859,1.);
#754=VECTOR('',#2860,1.);
#755=VECTOR('',#2863,1.);
#756=VECTOR('',#2864,1.);
#757=VECTOR('',#2865,1.);
#758=VECTOR('',#2868,1.);
#759=VECTOR('',#2869,1.);
#760=VECTOR('',#2872,1.);
#761=VECTOR('',#2873,1.);
#762=VECTOR('',#2876,1.);
#763=VECTOR('',#2881,1.);
#764=VECTOR('',#2882,1.);
#765=VECTOR('',#2883,1.);
#766=VECTOR('',#2886,1.);
#767=VECTOR('',#2887,1.);
#768=VECTOR('',#2890,1.);
#769=VECTOR('',#2891,1.);
#770=VECTOR('',#2894,1.);
#771=VECTOR('',#2901,1.);
#772=VECTOR('',#2902,1.);
#773=VECTOR('',#2903,1.);
#774=VECTOR('',#2904,1.);
#775=VECTOR('',#2907,1.);
#776=VECTOR('',#2908,1.);
#777=VECTOR('',#2909,1.);
#778=VECTOR('',#2912,1.);
#779=VECTOR('',#2913,1.);
#780=VECTOR('',#2914,1.);
#781=VECTOR('',#2917,1.);
#782=VECTOR('',#2918,1.);
#783=VECTOR('',#2919,1.);
#784=VECTOR('',#2920,1.);
#785=VECTOR('',#2921,1.);
#786=VECTOR('',#2922,1.);
#787=VECTOR('',#2923,1.);
#788=VECTOR('',#2924,1.);
#789=VECTOR('',#2925,1.);
#790=VECTOR('',#2926,1.);
#791=VECTOR('',#2927,1.);
#792=VECTOR('',#2928,1.);
#793=VECTOR('',#2929,1.);
#794=VECTOR('',#2932,1.);
#795=VECTOR('',#2935,1.);
#796=VECTOR('',#2938,1.);
#797=VECTOR('',#2939,1.);
#798=VECTOR('',#2940,1.);
#799=VECTOR('',#2941,1.);
#800=VECTOR('',#2942,1.);
#801=VECTOR('',#2943,1.);
#802=VECTOR('',#2944,1.);
#803=VECTOR('',#2945,1.);
#804=VECTOR('',#2946,1.);
#805=VECTOR('',#2947,1.);
#806=VECTOR('',#2948,1.);
#807=VECTOR('',#2949,1.);
#808=VECTOR('',#2950,1.);
#809=VECTOR('',#2953,1.);
#810=VECTOR('',#2956,1.);
#811=VECTOR('',#2959,1.);
#812=VECTOR('',#2962,1.);
#813=VECTOR('',#2965,1.);
#814=VECTOR('',#2968,1.);
#815=VECTOR('',#2973,1.);
#816=VECTOR('',#2974,1.);
#817=VECTOR('',#2977,1.);
#818=VECTOR('',#2980,1.);
#819=VECTOR('',#2985,1.);
#820=VECTOR('',#2986,1.);
#821=VECTOR('',#2989,1.);
#822=VECTOR('',#2992,1.);
#823=VECTOR('',#2997,1.);
#824=VECTOR('',#2998,1.);
#825=VECTOR('',#3001,1.);
#826=VECTOR('',#3004,1.);
#827=VECTOR('',#3011,1.);
#828=VECTOR('',#3012,1.);
#829=VECTOR('',#3013,1.);
#830=VECTOR('',#3014,1.);
#831=VECTOR('',#3017,1.);
#832=VECTOR('',#3018,1.);
#833=VECTOR('',#3019,1.);
#834=VECTOR('',#3020,1.);
#835=VECTOR('',#3021,1.);
#836=VECTOR('',#3022,1.);
#837=VECTOR('',#3023,1.);
#838=VECTOR('',#3028,1.);
#839=VECTOR('',#3029,1.);
#840=VECTOR('',#3030,1.);
#841=VECTOR('',#3033,1.);
#842=VECTOR('',#3036,1.);
#843=VECTOR('',#3037,1.);
#844=VECTOR('',#3038,1.);
#845=VECTOR('',#3039,1.);
#846=VECTOR('',#3052,1.);
#847=VECTOR('',#3053,1.);
#848=VECTOR('',#3056,1.);
#849=VECTOR('',#3057,1.);
#850=VECTOR('',#3060,1.);
#851=VECTOR('',#3065,2.75);
#852=VECTOR('',#3070,2.5);
#853=VECTOR('',#3073,1.);
#854=VECTOR('',#3076,1.);
#855=VECTOR('',#3079,1.);
#856=VECTOR('',#3082,1.);
#857=VECTOR('',#3087,2.5);
#858=VECTOR('',#3090,1.);
#859=VECTOR('',#3093,1.);
#860=VECTOR('',#3096,1.);
#861=VECTOR('',#3099,1.);
#862=VECTOR('',#3104,2.5);
#863=VECTOR('',#3107,1.);
#864=VECTOR('',#3110,1.);
#865=VECTOR('',#3113,1.);
#866=VECTOR('',#3116,1.);
#867=VECTOR('',#3121,2.5);
#868=VECTOR('',#3124,1.);
#869=VECTOR('',#3127,1.);
#870=VECTOR('',#3130,1.);
#871=VECTOR('',#3133,1.);
#872=VECTOR('',#3138,1.);
#873=VECTOR('',#3141,1.);
#874=VECTOR('',#3144,1.);
#875=VECTOR('',#3145,1.);
#876=VECTOR('',#3146,1.);
#877=VECTOR('',#3147,1.);
#878=VECTOR('',#3148,1.);
#879=VECTOR('',#3149,1.);
#880=VECTOR('',#3150,1.);
#881=VECTOR('',#3151,1.);
#882=VECTOR('',#3154,1.);
#883=VECTOR('',#3157,1.);
#884=VECTOR('',#3158,1.);
#885=VECTOR('',#3159,1.);
#886=VECTOR('',#3160,1.);
#887=VECTOR('',#3161,1.);
#888=VECTOR('',#3162,1.);
#889=VECTOR('',#3163,1.);
#890=VECTOR('',#3164,1.);
#891=VECTOR('',#3165,1.);
#892=VECTOR('',#3172,1.);
#893=VECTOR('',#3175,1.);
#894=VECTOR('',#3178,1.);
#895=VECTOR('',#3179,1.);
#896=VECTOR('',#3180,1.);
#897=VECTOR('',#3181,1.);
#898=VECTOR('',#3182,1.);
#899=VECTOR('',#3183,1.);
#900=VECTOR('',#3184,1.);
#901=VECTOR('',#3185,1.);
#902=VECTOR('',#3188,1.);
#903=VECTOR('',#3191,1.);
#904=VECTOR('',#3192,1.);
#905=VECTOR('',#3193,1.);
#906=VECTOR('',#3194,1.);
#907=VECTOR('',#3195,1.);
#908=VECTOR('',#3196,1.);
#909=VECTOR('',#3197,1.);
#910=VECTOR('',#3198,1.);
#911=VECTOR('',#3199,1.);
#912=VECTOR('',#3206,1.);
#913=VECTOR('',#3209,1.);
#914=VECTOR('',#3212,1.);
#915=VECTOR('',#3213,1.);
#916=VECTOR('',#3214,1.);
#917=VECTOR('',#3215,1.);
#918=VECTOR('',#3216,1.);
#919=VECTOR('',#3217,1.);
#920=VECTOR('',#3218,1.);
#921=VECTOR('',#3219,1.);
#922=VECTOR('',#3222,1.);
#923=VECTOR('',#3225,1.);
#924=VECTOR('',#3226,1.);
#925=VECTOR('',#3227,1.);
#926=VECTOR('',#3228,1.);
#927=VECTOR('',#3229,1.);
#928=VECTOR('',#3230,1.);
#929=VECTOR('',#3231,1.);
#930=VECTOR('',#3232,1.);
#931=VECTOR('',#3233,1.);
#932=VECTOR('',#3240,1.);
#933=VECTOR('',#3243,1.);
#934=VECTOR('',#3246,1.);
#935=VECTOR('',#3247,1.);
#936=VECTOR('',#3248,1.);
#937=VECTOR('',#3249,1.);
#938=VECTOR('',#3250,1.);
#939=VECTOR('',#3251,1.);
#940=VECTOR('',#3252,1.);
#941=VECTOR('',#3253,1.);
#942=VECTOR('',#3256,1.);
#943=VECTOR('',#3259,1.);
#944=VECTOR('',#3260,1.);
#945=VECTOR('',#3261,1.);
#946=VECTOR('',#3262,1.);
#947=VECTOR('',#3263,1.);
#948=VECTOR('',#3264,1.);
#949=VECTOR('',#3265,1.);
#950=VECTOR('',#3266,1.);
#951=VECTOR('',#3267,1.);
#952=VECTOR('',#3420,1.);
#953=VECTOR('',#3421,0.999999999999684);
#954=VECTOR('',#3422,1.);
#955=VECTOR('',#3423,0.999999999999684);
#956=VECTOR('',#3426,1.);
#957=VECTOR('',#3427,0.999999999999684);
#958=VECTOR('',#3428,0.999999999999684);
#959=VECTOR('',#3431,0.999999999999805);
#960=VECTOR('',#3432,1.);
#961=VECTOR('',#3433,0.999999999999805);
#962=VECTOR('',#3436,0.999999999999805);
#963=VECTOR('',#3437,0.999999999999781);
#964=VECTOR('',#3438,0.999999999999781);
#965=VECTOR('',#3439,0.999999999999805);
#966=VECTOR('',#3440,0.999999999999684);
#967=VECTOR('',#3441,0.999999999999684);
#968=VECTOR('',#3442,0.999999999999805);
#969=VECTOR('',#3443,0.999999999999781);
#970=VECTOR('',#3444,0.999999999999781);
#971=VECTOR('',#3449,0.999999999999781);
#972=VECTOR('',#3450,0.999999999999781);
#973=VECTOR('',#3451,0.999999999999805);
#974=VECTOR('',#3452,0.999999999999684);
#975=VECTOR('',#3453,0.999999999999684);
#976=VECTOR('',#3454,0.999999999999805);
#977=VECTOR('',#3455,0.999999999999781);
#978=VECTOR('',#3456,0.999999999999781);
#979=VECTOR('',#3457,0.999999999999805);
#980=VECTOR('',#3458,0.999999999999737);
#981=VECTOR('',#3459,0.999999999999737);
#982=VECTOR('',#3460,1.);
#983=VECTOR('',#3461,0.999999999999737);
#984=VECTOR('',#3462,0.999999999999737);
#985=VECTOR('',#3463,1.);
#986=VECTOR('',#3466,1.);
#987=VECTOR('',#3469,1.);
#988=VECTOR('',#3472,1.);
#989=VECTOR('',#3475,1.);
#990=VECTOR('',#3478,1.);
#991=VECTOR('',#3481,1.);
#992=VECTOR('',#3484,1.);
#993=VECTOR('',#3487,1.);
#994=VECTOR('',#3492,2.75);
#995=VECTOR('',#3497,1.);
#996=VECTOR('',#3498,1.);
#997=VECTOR('',#3499,0.999999999999737);
#998=VECTOR('',#3502,1.);
#999=VECTOR('',#3503,1.);
#1000=VECTOR('',#3506,1.);
#1001=VECTOR('',#3507,0.999999999999737);
#1002=VECTOR('',#3510,1.);
#1003=VECTOR('',#3511,0.999999999999737);
#1004=VECTOR('',#3514,1.);
#1005=VECTOR('',#3515,1.);
#1006=VECTOR('',#3518,0.999999999999737);
#1007=VERTEX_POINT('',#3532);
#1008=VERTEX_POINT('',#3533);
#1009=VERTEX_POINT('',#3535);
#1010=VERTEX_POINT('',#3537);
#1011=VERTEX_POINT('',#3541);
#1012=VERTEX_POINT('',#3543);
#1013=VERTEX_POINT('',#3547);
#1014=VERTEX_POINT('',#3549);
#1015=VERTEX_POINT('',#3555);
#1016=VERTEX_POINT('',#3557);
#1017=VERTEX_POINT('',#3559);
#1018=VERTEX_POINT('',#3561);
#1019=VERTEX_POINT('',#3564);
#1020=VERTEX_POINT('',#3565);
#1021=VERTEX_POINT('',#3567);
#1022=VERTEX_POINT('',#3569);
#1023=VERTEX_POINT('',#3573);
#1024=VERTEX_POINT('',#3575);
#1025=VERTEX_POINT('',#3579);
#1026=VERTEX_POINT('',#3583);
#1027=VERTEX_POINT('',#3590);
#1028=VERTEX_POINT('',#3592);
#1029=VERTEX_POINT('',#3596);
#1030=VERTEX_POINT('',#3600);
#1031=VERTEX_POINT('',#3608);
#1032=VERTEX_POINT('',#3609);
#1033=VERTEX_POINT('',#3611);
#1034=VERTEX_POINT('',#3613);
#1035=VERTEX_POINT('',#3617);
#1036=VERTEX_POINT('',#3618);
#1037=VERTEX_POINT('',#3623);
#1038=VERTEX_POINT('',#3625);
#1039=VERTEX_POINT('',#3629);
#1040=VERTEX_POINT('',#3631);
#1041=VERTEX_POINT('',#3633);
#1042=VERTEX_POINT('',#3635);
#1043=VERTEX_POINT('',#3638);
#1044=VERTEX_POINT('',#3639);
#1045=VERTEX_POINT('',#3641);
#1046=VERTEX_POINT('',#3643);
#1047=VERTEX_POINT('',#3646);
#1048=VERTEX_POINT('',#3647);
#1049=VERTEX_POINT('',#3649);
#1050=VERTEX_POINT('',#3651);
#1051=VERTEX_POINT('',#3654);
#1052=VERTEX_POINT('',#3655);
#1053=VERTEX_POINT('',#3657);
#1054=VERTEX_POINT('',#3659);
#1055=VERTEX_POINT('',#3663);
#1056=VERTEX_POINT('',#3665);
#1057=VERTEX_POINT('',#3667);
#1058=VERTEX_POINT('',#3669);
#1059=VERTEX_POINT('',#3672);
#1060=VERTEX_POINT('',#3673);
#1061=VERTEX_POINT('',#3675);
#1062=VERTEX_POINT('',#3677);
#1063=VERTEX_POINT('',#3680);
#1064=VERTEX_POINT('',#3681);
#1065=VERTEX_POINT('',#3683);
#1066=VERTEX_POINT('',#3685);
#1067=VERTEX_POINT('',#3688);
#1068=VERTEX_POINT('',#3689);
#1069=VERTEX_POINT('',#3691);
#1070=VERTEX_POINT('',#3693);
#1071=VERTEX_POINT('',#3731);
#1072=VERTEX_POINT('',#3732);
#1073=VERTEX_POINT('',#3734);
#1074=VERTEX_POINT('',#3736);
#1075=VERTEX_POINT('',#3740);
#1076=VERTEX_POINT('',#3741);
#1077=VERTEX_POINT('',#3744);
#1078=VERTEX_POINT('',#3746);
#1079=VERTEX_POINT('',#3748);
#1080=VERTEX_POINT('',#3750);
#1081=VERTEX_POINT('',#3753);
#1082=VERTEX_POINT('',#3756);
#1083=VERTEX_POINT('',#3758);
#1084=VERTEX_POINT('',#3765);
#1085=VERTEX_POINT('',#3767);
#1086=VERTEX_POINT('',#3770);
#1087=VERTEX_POINT('',#3772);
#1088=VERTEX_POINT('',#3774);
#1089=VERTEX_POINT('',#3776);
#1090=VERTEX_POINT('',#3780);
#1091=VERTEX_POINT('',#3784);
#1092=VERTEX_POINT('',#3790);
#1093=VERTEX_POINT('',#3795);
#1094=VERTEX_POINT('',#3797);
#1095=VERTEX_POINT('',#3799);
#1096=VERTEX_POINT('',#3801);
#1097=VERTEX_POINT('',#3803);
#1098=VERTEX_POINT('',#3805);
#1099=VERTEX_POINT('',#3807);
#1100=VERTEX_POINT('',#3809);
#1101=VERTEX_POINT('',#3811);
#1102=VERTEX_POINT('',#3815);
#1103=VERTEX_POINT('',#3817);
#1104=VERTEX_POINT('',#3819);
#1105=VERTEX_POINT('',#3821);
#1106=VERTEX_POINT('',#3823);
#1107=VERTEX_POINT('',#3825);
#1108=VERTEX_POINT('',#3827);
#1109=VERTEX_POINT('',#3829);
#1110=VERTEX_POINT('',#3831);
#1111=VERTEX_POINT('',#3835);
#1112=VERTEX_POINT('',#3837);
#1113=VERTEX_POINT('',#3839);
#1114=VERTEX_POINT('',#3841);
#1115=VERTEX_POINT('',#3843);
#1116=VERTEX_POINT('',#3845);
#1117=VERTEX_POINT('',#3847);
#1118=VERTEX_POINT('',#3849);
#1119=VERTEX_POINT('',#3851);
#1120=VERTEX_POINT('',#3855);
#1121=VERTEX_POINT('',#3857);
#1122=VERTEX_POINT('',#3859);
#1123=VERTEX_POINT('',#3861);
#1124=VERTEX_POINT('',#3863);
#1125=VERTEX_POINT('',#3865);
#1126=VERTEX_POINT('',#3867);
#1127=VERTEX_POINT('',#3869);
#1128=VERTEX_POINT('',#3871);
#1129=VERTEX_POINT('',#3875);
#1130=VERTEX_POINT('',#3877);
#1131=VERTEX_POINT('',#3881);
#1132=VERTEX_POINT('',#3882);
#1133=VERTEX_POINT('',#3884);
#1134=VERTEX_POINT('',#3907);
#1135=VERTEX_POINT('',#3909);
#1136=VERTEX_POINT('',#3913);
#1137=VERTEX_POINT('',#3915);
#1138=VERTEX_POINT('',#3917);
#1139=VERTEX_POINT('',#3944);
#1140=VERTEX_POINT('',#3945);
#1141=VERTEX_POINT('',#3947);
#1142=VERTEX_POINT('',#3970);
#1143=VERTEX_POINT('',#3972);
#1144=VERTEX_POINT('',#3974);
#1145=VERTEX_POINT('',#3977);
#1146=VERTEX_POINT('',#3979);
#1147=VERTEX_POINT('',#3981);
#1148=VERTEX_POINT('',#3983);
#1149=VERTEX_POINT('',#4010);
#1150=VERTEX_POINT('',#4012);
#1151=VERTEX_POINT('',#4016);
#1152=VERTEX_POINT('',#4017);
#1153=VERTEX_POINT('',#4019);
#1154=VERTEX_POINT('',#4042);
#1155=VERTEX_POINT('',#4044);
#1156=VERTEX_POINT('',#4048);
#1157=VERTEX_POINT('',#4050);
#1158=VERTEX_POINT('',#4052);
#1159=VERTEX_POINT('',#4079);
#1160=VERTEX_POINT('',#4080);
#1161=VERTEX_POINT('',#4082);
#1162=VERTEX_POINT('',#4105);
#1163=VERTEX_POINT('',#4107);
#1164=VERTEX_POINT('',#4109);
#1165=VERTEX_POINT('',#4112);
#1166=VERTEX_POINT('',#4114);
#1167=VERTEX_POINT('',#4116);
#1168=VERTEX_POINT('',#4118);
#1169=VERTEX_POINT('',#4145);
#1170=VERTEX_POINT('',#4147);
#1171=VERTEX_POINT('',#4151);
#1172=VERTEX_POINT('',#4152);
#1173=VERTEX_POINT('',#4154);
#1174=VERTEX_POINT('',#4177);
#1175=VERTEX_POINT('',#4179);
#1176=VERTEX_POINT('',#4183);
#1177=VERTEX_POINT('',#4185);
#1178=VERTEX_POINT('',#4187);
#1179=VERTEX_POINT('',#4214);
#1180=VERTEX_POINT('',#4215);
#1181=VERTEX_POINT('',#4217);
#1182=VERTEX_POINT('',#4240);
#1183=VERTEX_POINT('',#4242);
#1184=VERTEX_POINT('',#4244);
#1185=VERTEX_POINT('',#4247);
#1186=VERTEX_POINT('',#4249);
#1187=VERTEX_POINT('',#4251);
#1188=VERTEX_POINT('',#4253);
#1189=VERTEX_POINT('',#4280);
#1190=VERTEX_POINT('',#4282);
#1191=VERTEX_POINT('',#4286);
#1192=VERTEX_POINT('',#4287);
#1193=VERTEX_POINT('',#4289);
#1194=VERTEX_POINT('',#4312);
#1195=VERTEX_POINT('',#4314);
#1196=VERTEX_POINT('',#4318);
#1197=VERTEX_POINT('',#4320);
#1198=VERTEX_POINT('',#4322);
#1199=VERTEX_POINT('',#4349);
#1200=VERTEX_POINT('',#4350);
#1201=VERTEX_POINT('',#4352);
#1202=VERTEX_POINT('',#4375);
#1203=VERTEX_POINT('',#4377);
#1204=VERTEX_POINT('',#4379);
#1205=VERTEX_POINT('',#4382);
#1206=VERTEX_POINT('',#4384);
#1207=VERTEX_POINT('',#4386);
#1208=VERTEX_POINT('',#4388);
#1209=VERTEX_POINT('',#4488);
#1210=VERTEX_POINT('',#4489);
#1211=VERTEX_POINT('',#4491);
#1212=VERTEX_POINT('',#4493);
#1213=VERTEX_POINT('',#4497);
#1214=VERTEX_POINT('',#4498);
#1215=VERTEX_POINT('',#4503);
#1216=VERTEX_POINT('',#4505);
#1217=VERTEX_POINT('',#4509);
#1218=VERTEX_POINT('',#4511);
#1219=VERTEX_POINT('',#4513);
#1220=VERTEX_POINT('',#4515);
#1221=VERTEX_POINT('',#4517);
#1222=VERTEX_POINT('',#4519);
#1223=VERTEX_POINT('',#4521);
#1224=VERTEX_POINT('',#4523);
#1225=VERTEX_POINT('',#4526);
#1226=VERTEX_POINT('',#4529);
#1227=VERTEX_POINT('',#4531);
#1228=VERTEX_POINT('',#4533);
#1229=VERTEX_POINT('',#4535);
#1230=VERTEX_POINT('',#4537);
#1231=VERTEX_POINT('',#4539);
#1232=VERTEX_POINT('',#4541);
#1233=VERTEX_POINT('',#4543);
#1234=VERTEX_POINT('',#4546);
#1235=VERTEX_POINT('',#4547);
#1236=VERTEX_POINT('',#4549);
#1237=VERTEX_POINT('',#4551);
#1238=VERTEX_POINT('',#4553);
#1239=VERTEX_POINT('',#4555);
#1240=VERTEX_POINT('',#4576);
#1241=VERTEX_POINT('',#4580);
#1242=VERTEX_POINT('',#4582);
#1243=VERTEX_POINT('',#4586);
#1244=VERTEX_POINT('',#4590);
#1245=VERTEX_POINT('',#4594);
#1246=VERTEX_POINT('',#4598);
#1247=EDGE_CURVE('',#1007,#1008,#463,.T.);
#1248=EDGE_CURVE('',#1007,#1009,#464,.T.);
#1249=EDGE_CURVE('',#1009,#1010,#465,.T.);
#1250=EDGE_CURVE('',#1008,#1010,#466,.T.);
#1251=EDGE_CURVE('',#1011,#1007,#467,.T.);
#1252=EDGE_CURVE('',#1011,#1012,#468,.T.);
#1253=EDGE_CURVE('',#1012,#1009,#469,.T.);
#1254=EDGE_CURVE('',#1013,#1011,#470,.T.);
#1255=EDGE_CURVE('',#1014,#1013,#471,.T.);
#1256=EDGE_CURVE('',#1014,#1012,#472,.T.);
#1257=EDGE_CURVE('',#1010,#1014,#473,.T.);
#1258=EDGE_CURVE('',#1008,#1015,#474,.T.);
#1259=EDGE_CURVE('',#1015,#1016,#475,.T.);
#1260=EDGE_CURVE('',#1016,#1017,#476,.T.);
#1261=EDGE_CURVE('',#1017,#1018,#477,.T.);
#1262=EDGE_CURVE('',#1018,#1013,#478,.T.);
#1263=EDGE_CURVE('',#1019,#1020,#479,.T.);
#1264=EDGE_CURVE('',#1021,#1019,#480,.T.);
#1265=EDGE_CURVE('',#1022,#1021,#481,.T.);
#1266=EDGE_CURVE('',#1020,#1022,#482,.T.);
#1267=EDGE_CURVE('',#1023,#1018,#483,.T.);
#1268=EDGE_CURVE('',#1023,#1024,#484,.T.);
#1269=EDGE_CURVE('',#1024,#1015,#485,.T.);
#1270=EDGE_CURVE('',#1025,#1017,#486,.T.);
#1271=EDGE_CURVE('',#1025,#1023,#487,.T.);
#1272=EDGE_CURVE('',#1024,#1026,#488,.T.);
#1273=EDGE_CURVE('',#1026,#1016,#489,.T.);
#1274=EDGE_CURVE('',#1026,#1025,#490,.T.);
#1275=EDGE_CURVE('',#1019,#1027,#491,.T.);
#1276=EDGE_CURVE('',#1020,#1028,#492,.T.);
#1277=EDGE_CURVE('',#1027,#1028,#493,.T.);
#1278=EDGE_CURVE('',#1021,#1029,#494,.T.);
#1279=EDGE_CURVE('',#1029,#1027,#495,.T.);
#1280=EDGE_CURVE('',#1022,#1030,#496,.T.);
#1281=EDGE_CURVE('',#1028,#1030,#497,.T.);
#1282=EDGE_CURVE('',#1030,#1029,#498,.T.);
#1283=EDGE_CURVE('',#1031,#1032,#499,.T.);
#1284=EDGE_CURVE('',#1031,#1033,#500,.T.);
#1285=EDGE_CURVE('',#1033,#1034,#501,.T.);
#1286=EDGE_CURVE('',#1032,#1034,#502,.T.);
#1287=EDGE_CURVE('',#1035,#1036,#503,.T.);
#1288=EDGE_CURVE('',#1035,#1031,#504,.T.);
#1289=EDGE_CURVE('',#1036,#1032,#505,.T.);
#1290=EDGE_CURVE('',#1033,#1037,#506,.T.);
#1291=EDGE_CURVE('',#1037,#1038,#507,.T.);
#1292=EDGE_CURVE('',#1034,#1038,#508,.T.);
#1293=EDGE_CURVE('',#1039,#1035,#509,.T.);
#1294=EDGE_CURVE('',#1040,#1039,#510,.T.);
#1295=EDGE_CURVE('',#1041,#1040,#511,.T.);
#1296=EDGE_CURVE('',#1042,#1041,#512,.T.);
#1297=EDGE_CURVE('',#1037,#1042,#513,.T.);
#1298=EDGE_CURVE('',#1043,#1044,#514,.T.);
#1299=EDGE_CURVE('',#1044,#1045,#515,.T.);
#1300=EDGE_CURVE('',#1045,#1046,#516,.T.);
#1301=EDGE_CURVE('',#1046,#1043,#517,.T.);
#1302=EDGE_CURVE('',#1047,#1048,#518,.T.);
#1303=EDGE_CURVE('',#1048,#1049,#519,.T.);
#1304=EDGE_CURVE('',#1049,#1050,#520,.T.);
#1305=EDGE_CURVE('',#1050,#1047,#521,.T.);
#1306=EDGE_CURVE('',#1051,#1052,#75,.T.);
#1307=EDGE_CURVE('',#1052,#1053,#522,.T.);
#1308=EDGE_CURVE('',#1053,#1054,#76,.T.);
#1309=EDGE_CURVE('',#1054,#1051,#523,.T.);
#1310=EDGE_CURVE('',#1038,#1055,#524,.T.);
#1311=EDGE_CURVE('',#1055,#1056,#525,.T.);
#1312=EDGE_CURVE('',#1056,#1057,#526,.T.);
#1313=EDGE_CURVE('',#1057,#1058,#527,.T.);
#1314=EDGE_CURVE('',#1058,#1036,#528,.T.);
#1315=EDGE_CURVE('',#1059,#1060,#529,.T.);
#1316=EDGE_CURVE('',#1061,#1059,#530,.T.);
#1317=EDGE_CURVE('',#1062,#1061,#531,.T.);
#1318=EDGE_CURVE('',#1060,#1062,#532,.T.);
#1319=EDGE_CURVE('',#1063,#1064,#533,.T.);
#1320=EDGE_CURVE('',#1065,#1063,#534,.T.);
#1321=EDGE_CURVE('',#1066,#1065,#535,.T.);
#1322=EDGE_CURVE('',#1064,#1066,#536,.T.);
#1323=EDGE_CURVE('',#1067,#1068,#77,.T.);
#1324=EDGE_CURVE('',#1069,#1067,#537,.T.);
#1325=EDGE_CURVE('',#1070,#1069,#78,.T.);
#1326=EDGE_CURVE('',#1068,#1070,#538,.T.);
#1327=EDGE_CURVE('',#1039,#1058,#539,.T.);
#1328=EDGE_CURVE('',#1042,#1055,#540,.T.);
#1329=EDGE_CURVE('',#1040,#1057,#541,.T.);
#1330=EDGE_CURVE('',#1041,#1056,#542,.T.);
#1331=EDGE_CURVE('',#1059,#1043,#543,.T.);
#1332=EDGE_CURVE('',#1060,#1044,#544,.T.);
#1333=EDGE_CURVE('',#1061,#1046,#545,.T.);
#1334=EDGE_CURVE('',#1062,#1045,#546,.T.);
#1335=EDGE_CURVE('',#1063,#1047,#547,.T.);
#1336=EDGE_CURVE('',#1064,#1048,#548,.T.);
#1337=EDGE_CURVE('',#1066,#1049,#549,.T.);
#1338=EDGE_CURVE('',#1065,#1050,#550,.T.);
#1339=EDGE_CURVE('',#1068,#1052,#551,.T.);
#1340=EDGE_CURVE('',#1067,#1051,#552,.T.);
#1341=EDGE_CURVE('',#1069,#1054,#553,.T.);
#1342=EDGE_CURVE('',#1070,#1053,#554,.T.);
#1343=EDGE_CURVE('',#1071,#1072,#555,.T.);
#1344=EDGE_CURVE('',#1071,#1073,#556,.T.);
#1345=EDGE_CURVE('',#1073,#1074,#557,.T.);
#1346=EDGE_CURVE('',#1072,#1074,#558,.T.);
#1347=EDGE_CURVE('',#1075,#1076,#559,.T.);
#1348=EDGE_CURVE('',#1075,#1071,#560,.T.);
#1349=EDGE_CURVE('',#1077,#1072,#561,.T.);
#1350=EDGE_CURVE('',#1077,#1078,#562,.T.);
#1351=EDGE_CURVE('',#1079,#1078,#563,.T.);
#1352=EDGE_CURVE('',#1080,#1079,#564,.T.);
#1353=EDGE_CURVE('',#1076,#1080,#565,.T.);
#1354=EDGE_CURVE('',#1081,#1081,#79,.T.);
#1355=EDGE_CURVE('',#1073,#1082,#566,.T.);
#1356=EDGE_CURVE('',#1082,#1083,#567,.T.);
#1357=EDGE_CURVE('',#1074,#1083,#568,.T.);
#1358=EDGE_CURVE('',#1082,#1075,#569,.T.);
#1359=EDGE_CURVE('',#1083,#1076,#570,.T.);
#1360=EDGE_CURVE('',#1084,#1080,#571,.T.);
#1361=EDGE_CURVE('',#1085,#1084,#572,.T.);
#1362=EDGE_CURVE('',#1077,#1085,#573,.T.);
#1363=EDGE_CURVE('',#1086,#1086,#80,.T.);
#1364=EDGE_CURVE('',#1087,#1087,#81,.T.);
#1365=EDGE_CURVE('',#1088,#1088,#82,.T.);
#1366=EDGE_CURVE('',#1089,#1089,#83,.T.);
#1367=EDGE_CURVE('',#1084,#1090,#574,.T.);
#1368=EDGE_CURVE('',#1090,#1079,#575,.T.);
#1369=EDGE_CURVE('',#1078,#1091,#576,.T.);
#1370=EDGE_CURVE('',#1091,#1090,#577,.T.);
#1371=EDGE_CURVE('',#1085,#1091,#578,.T.);
#1372=EDGE_CURVE('',#1092,#1092,#84,.T.);
#1373=EDGE_CURVE('',#1092,#1081,#579,.T.);
#1374=EDGE_CURVE('',#1086,#1093,#580,.T.);
#1375=EDGE_CURVE('',#1094,#1093,#85,.T.);
#1376=EDGE_CURVE('',#1094,#1095,#581,.T.);
#1377=EDGE_CURVE('',#1095,#1096,#86,.T.);
#1378=EDGE_CURVE('',#1097,#1096,#582,.T.);
#1379=EDGE_CURVE('',#1098,#1097,#87,.T.);
#1380=EDGE_CURVE('',#1098,#1099,#583,.T.);
#1381=EDGE_CURVE('',#1099,#1100,#88,.T.);
#1382=EDGE_CURVE('',#1101,#1100,#584,.T.);
#1383=EDGE_CURVE('',#1093,#1101,#89,.T.);
#1384=EDGE_CURVE('',#1087,#1102,#585,.T.);
#1385=EDGE_CURVE('',#1103,#1102,#90,.T.);
#1386=EDGE_CURVE('',#1103,#1104,#586,.T.);
#1387=EDGE_CURVE('',#1104,#1105,#91,.T.);
#1388=EDGE_CURVE('',#1106,#1105,#587,.T.);
#1389=EDGE_CURVE('',#1107,#1106,#92,.T.);
#1390=EDGE_CURVE('',#1107,#1108,#588,.T.);
#1391=EDGE_CURVE('',#1108,#1109,#93,.T.);
#1392=EDGE_CURVE('',#1110,#1109,#589,.T.);
#1393=EDGE_CURVE('',#1102,#1110,#94,.T.);
#1394=EDGE_CURVE('',#1088,#1111,#590,.T.);
#1395=EDGE_CURVE('',#1112,#1111,#95,.T.);
#1396=EDGE_CURVE('',#1112,#1113,#591,.T.);
#1397=EDGE_CURVE('',#1113,#1114,#96,.T.);
#1398=EDGE_CURVE('',#1115,#1114,#592,.T.);
#1399=EDGE_CURVE('',#1116,#1115,#97,.T.);
#1400=EDGE_CURVE('',#1116,#1117,#593,.T.);
#1401=EDGE_CURVE('',#1117,#1118,#98,.T.);
#1402=EDGE_CURVE('',#1119,#1118,#594,.T.);
#1403=EDGE_CURVE('',#1111,#1119,#99,.T.);
#1404=EDGE_CURVE('',#1089,#1120,#595,.T.);
#1405=EDGE_CURVE('',#1121,#1120,#100,.T.);
#1406=EDGE_CURVE('',#1121,#1122,#596,.T.);
#1407=EDGE_CURVE('',#1122,#1123,#101,.T.);
#1408=EDGE_CURVE('',#1124,#1123,#597,.T.);
#1409=EDGE_CURVE('',#1125,#1124,#102,.T.);
#1410=EDGE_CURVE('',#1125,#1126,#598,.T.);
#1411=EDGE_CURVE('',#1126,#1127,#103,.T.);
#1412=EDGE_CURVE('',#1128,#1127,#599,.T.);
#1413=EDGE_CURVE('',#1120,#1128,#104,.T.);
#1414=EDGE_CURVE('',#1129,#1097,#600,.T.);
#1415=EDGE_CURVE('',#1130,#1129,#105,.T.);
#1416=EDGE_CURVE('',#1098,#1130,#601,.T.);
#1417=EDGE_CURVE('',#1131,#1132,#602,.T.);
#1418=EDGE_CURVE('',#1132,#1133,#35,.F.);
#1419=EDGE_CURVE('',#1133,#1134,#603,.T.);
#1420=EDGE_CURVE('',#1135,#1134,#604,.T.);
#1421=EDGE_CURVE('',#1135,#1129,#605,.T.);
#1422=EDGE_CURVE('',#1099,#1096,#606,.T.);
#1423=EDGE_CURVE('',#1136,#1130,#607,.T.);
#1424=EDGE_CURVE('',#1137,#1136,#608,.T.);
#1425=EDGE_CURVE('',#1138,#1137,#609,.T.);
#1426=EDGE_CURVE('',#1138,#1131,#36,.F.);
#1427=EDGE_CURVE('',#1095,#1100,#610,.T.);
#1428=EDGE_CURVE('',#1139,#1140,#611,.T.);
#1429=EDGE_CURVE('',#1140,#1141,#37,.F.);
#1430=EDGE_CURVE('',#1141,#1142,#612,.T.);
#1431=EDGE_CURVE('',#1143,#1142,#613,.T.);
#1432=EDGE_CURVE('',#1143,#1144,#614,.T.);
#1433=EDGE_CURVE('',#1144,#1101,#615,.T.);
#1434=EDGE_CURVE('',#1094,#1145,#616,.T.);
#1435=EDGE_CURVE('',#1146,#1145,#617,.T.);
#1436=EDGE_CURVE('',#1147,#1146,#618,.T.);
#1437=EDGE_CURVE('',#1148,#1147,#619,.T.);
#1438=EDGE_CURVE('',#1148,#1139,#38,.F.);
#1439=EDGE_CURVE('',#1145,#1144,#106,.T.);
#1440=EDGE_CURVE('',#1149,#1106,#620,.T.);
#1441=EDGE_CURVE('',#1150,#1149,#107,.T.);
#1442=EDGE_CURVE('',#1107,#1150,#621,.T.);
#1443=EDGE_CURVE('',#1151,#1152,#622,.T.);
#1444=EDGE_CURVE('',#1152,#1153,#39,.F.);
#1445=EDGE_CURVE('',#1153,#1154,#623,.T.);
#1446=EDGE_CURVE('',#1155,#1154,#624,.T.);
#1447=EDGE_CURVE('',#1155,#1149,#625,.T.);
#1448=EDGE_CURVE('',#1108,#1105,#626,.T.);
#1449=EDGE_CURVE('',#1156,#1150,#627,.T.);
#1450=EDGE_CURVE('',#1157,#1156,#628,.T.);
#1451=EDGE_CURVE('',#1158,#1157,#629,.T.);
#1452=EDGE_CURVE('',#1158,#1151,#40,.F.);
#1453=EDGE_CURVE('',#1104,#1109,#630,.T.);
#1454=EDGE_CURVE('',#1159,#1160,#631,.T.);
#1455=EDGE_CURVE('',#1160,#1161,#41,.F.);
#1456=EDGE_CURVE('',#1161,#1162,#632,.T.);
#1457=EDGE_CURVE('',#1163,#1162,#633,.T.);
#1458=EDGE_CURVE('',#1163,#1164,#634,.T.);
#1459=EDGE_CURVE('',#1164,#1110,#635,.T.);
#1460=EDGE_CURVE('',#1103,#1165,#636,.T.);
#1461=EDGE_CURVE('',#1166,#1165,#637,.T.);
#1462=EDGE_CURVE('',#1167,#1166,#638,.T.);
#1463=EDGE_CURVE('',#1168,#1167,#639,.T.);
#1464=EDGE_CURVE('',#1168,#1159,#42,.F.);
#1465=EDGE_CURVE('',#1165,#1164,#108,.T.);
#1466=EDGE_CURVE('',#1169,#1115,#640,.T.);
#1467=EDGE_CURVE('',#1170,#1169,#109,.T.);
#1468=EDGE_CURVE('',#1116,#1170,#641,.T.);
#1469=EDGE_CURVE('',#1171,#1172,#642,.T.);
#1470=EDGE_CURVE('',#1172,#1173,#43,.F.);
#1471=EDGE_CURVE('',#1173,#1174,#643,.T.);
#1472=EDGE_CURVE('',#1175,#1174,#644,.T.);
#1473=EDGE_CURVE('',#1175,#1169,#645,.T.);
#1474=EDGE_CURVE('',#1117,#1114,#646,.T.);
#1475=EDGE_CURVE('',#1176,#1170,#647,.T.);
#1476=EDGE_CURVE('',#1177,#1176,#648,.T.);
#1477=EDGE_CURVE('',#1178,#1177,#649,.T.);
#1478=EDGE_CURVE('',#1178,#1171,#44,.F.);
#1479=EDGE_CURVE('',#1113,#1118,#650,.T.);
#1480=EDGE_CURVE('',#1179,#1180,#651,.T.);
#1481=EDGE_CURVE('',#1180,#1181,#45,.F.);
#1482=EDGE_CURVE('',#1181,#1182,#652,.T.);
#1483=EDGE_CURVE('',#1183,#1182,#653,.T.);
#1484=EDGE_CURVE('',#1183,#1184,#654,.T.);
#1485=EDGE_CURVE('',#1184,#1119,#655,.T.);
#1486=EDGE_CURVE('',#1112,#1185,#656,.T.);
#1487=EDGE_CURVE('',#1186,#1185,#657,.T.);
#1488=EDGE_CURVE('',#1187,#1186,#658,.T.);
#1489=EDGE_CURVE('',#1188,#1187,#659,.T.);
#1490=EDGE_CURVE('',#1188,#1179,#46,.F.);
#1491=EDGE_CURVE('',#1185,#1184,#110,.T.);
#1492=EDGE_CURVE('',#1189,#1124,#660,.T.);
#1493=EDGE_CURVE('',#1190,#1189,#111,.T.);
#1494=EDGE_CURVE('',#1125,#1190,#661,.T.);
#1495=EDGE_CURVE('',#1191,#1192,#662,.T.);
#1496=EDGE_CURVE('',#1192,#1193,#47,.F.);
#1497=EDGE_CURVE('',#1193,#1194,#663,.T.);
#1498=EDGE_CURVE('',#1195,#1194,#664,.T.);
#1499=EDGE_CURVE('',#1195,#1189,#665,.T.);
#1500=EDGE_CURVE('',#1126,#1123,#666,.T.);
#1501=EDGE_CURVE('',#1196,#1190,#667,.T.);
#1502=EDGE_CURVE('',#1197,#1196,#668,.T.);
#1503=EDGE_CURVE('',#1198,#1197,#669,.T.);
#1504=EDGE_CURVE('',#1198,#1191,#48,.F.);
#1505=EDGE_CURVE('',#1122,#1127,#670,.T.);
#1506=EDGE_CURVE('',#1199,#1200,#671,.T.);
#1507=EDGE_CURVE('',#1200,#1201,#49,.F.);
#1508=EDGE_CURVE('',#1201,#1202,#672,.T.);
#1509=EDGE_CURVE('',#1203,#1202,#673,.T.);
#1510=EDGE_CURVE('',#1203,#1204,#674,.T.);
#1511=EDGE_CURVE('',#1204,#1128,#675,.T.);
#1512=EDGE_CURVE('',#1121,#1205,#676,.T.);
#1513=EDGE_CURVE('',#1206,#1205,#677,.T.);
#1514=EDGE_CURVE('',#1207,#1206,#678,.T.);
#1515=EDGE_CURVE('',#1208,#1207,#679,.T.);
#1516=EDGE_CURVE('',#1208,#1199,#50,.F.);
#1517=EDGE_CURVE('',#1205,#1204,#112,.T.);
#1518=EDGE_CURVE('',#1136,#1135,#113,.T.);
#1519=EDGE_CURVE('',#1131,#1132,#114,.T.);
#1520=EDGE_CURVE('',#1138,#1133,#115,.T.);
#1521=EDGE_CURVE('',#1137,#1134,#116,.T.);
#1522=EDGE_CURVE('',#1139,#1140,#117,.T.);
#1523=EDGE_CURVE('',#1148,#1141,#118,.T.);
#1524=EDGE_CURVE('',#1147,#1142,#119,.T.);
#1525=EDGE_CURVE('',#1146,#1143,#120,.T.);
#1526=EDGE_CURVE('',#1156,#1155,#121,.T.);
#1527=EDGE_CURVE('',#1151,#1152,#122,.T.);
#1528=EDGE_CURVE('',#1158,#1153,#123,.T.);
#1529=EDGE_CURVE('',#1157,#1154,#124,.T.);
#1530=EDGE_CURVE('',#1159,#1160,#125,.T.);
#1531=EDGE_CURVE('',#1168,#1161,#126,.T.);
#1532=EDGE_CURVE('',#1167,#1162,#127,.T.);
#1533=EDGE_CURVE('',#1166,#1163,#128,.T.);
#1534=EDGE_CURVE('',#1176,#1175,#129,.T.);
#1535=EDGE_CURVE('',#1171,#1172,#130,.T.);
#1536=EDGE_CURVE('',#1178,#1173,#131,.T.);
#1537=EDGE_CURVE('',#1177,#1174,#132,.T.);
#1538=EDGE_CURVE('',#1179,#1180,#133,.T.);
#1539=EDGE_CURVE('',#1188,#1181,#134,.T.);
#1540=EDGE_CURVE('',#1187,#1182,#135,.T.);
#1541=EDGE_CURVE('',#1186,#1183,#136,.T.);
#1542=EDGE_CURVE('',#1191,#1192,#137,.T.);
#1543=EDGE_CURVE('',#1198,#1193,#138,.T.);
#1544=EDGE_CURVE('',#1197,#1194,#139,.T.);
#1545=EDGE_CURVE('',#1196,#1195,#140,.T.);
#1546=EDGE_CURVE('',#1199,#1200,#141,.T.);
#1547=EDGE_CURVE('',#1208,#1201,#142,.T.);
#1548=EDGE_CURVE('',#1207,#1202,#143,.T.);
#1549=EDGE_CURVE('',#1206,#1203,#144,.T.);
#1550=EDGE_CURVE('',#1209,#1210,#680,.T.);
#1551=EDGE_CURVE('',#1209,#1211,#681,.T.);
#1552=EDGE_CURVE('',#1211,#1212,#682,.T.);
#1553=EDGE_CURVE('',#1210,#1212,#683,.T.);
#1554=EDGE_CURVE('',#1213,#1214,#684,.T.);
#1555=EDGE_CURVE('',#1213,#1209,#685,.T.);
#1556=EDGE_CURVE('',#1214,#1210,#686,.T.);
#1557=EDGE_CURVE('',#1211,#1215,#687,.T.);
#1558=EDGE_CURVE('',#1215,#1216,#688,.T.);
#1559=EDGE_CURVE('',#1212,#1216,#689,.T.);
#1560=EDGE_CURVE('',#1217,#1213,#690,.T.);
#1561=EDGE_CURVE('',#1218,#1217,#691,.T.);
#1562=EDGE_CURVE('',#1219,#1218,#692,.T.);
#1563=EDGE_CURVE('',#1220,#1219,#693,.T.);
#1564=EDGE_CURVE('',#1221,#1220,#694,.T.);
#1565=EDGE_CURVE('',#1222,#1221,#695,.T.);
#1566=EDGE_CURVE('',#1223,#1222,#696,.T.);
#1567=EDGE_CURVE('',#1224,#1223,#697,.T.);
#1568=EDGE_CURVE('',#1215,#1224,#698,.T.);
#1569=EDGE_CURVE('',#1225,#1225,#145,.T.);
#1570=EDGE_CURVE('',#1216,#1226,#699,.T.);
#1571=EDGE_CURVE('',#1226,#1227,#700,.T.);
#1572=EDGE_CURVE('',#1227,#1228,#701,.T.);
#1573=EDGE_CURVE('',#1228,#1229,#702,.T.);
#1574=EDGE_CURVE('',#1229,#1230,#703,.T.);
#1575=EDGE_CURVE('',#1230,#1231,#704,.T.);
#1576=EDGE_CURVE('',#1231,#1232,#705,.T.);
#1577=EDGE_CURVE('',#1232,#1233,#706,.T.);
#1578=EDGE_CURVE('',#1233,#1214,#707,.T.);
#1579=EDGE_CURVE('',#1234,#1235,#708,.T.);
#1580=EDGE_CURVE('',#1236,#1234,#709,.T.);
#1581=EDGE_CURVE('',#1237,#1236,#710,.T.);
#1582=EDGE_CURVE('',#1238,#1237,#711,.T.);
#1583=EDGE_CURVE('',#1239,#1238,#712,.T.);
#1584=EDGE_CURVE('',#1235,#1239,#713,.T.);
#1585=EDGE_CURVE('',#1217,#1233,#714,.T.);
#1586=EDGE_CURVE('',#1224,#1226,#715,.T.);
#1587=EDGE_CURVE('',#1218,#1232,#716,.T.);
#1588=EDGE_CURVE('',#1223,#1227,#717,.T.);
#1589=EDGE_CURVE('',#1219,#1231,#718,.T.);
#1590=EDGE_CURVE('',#1222,#1228,#719,.T.);
#1591=EDGE_CURVE('',#1220,#1230,#720,.T.);
#1592=EDGE_CURVE('',#1221,#1229,#721,.T.);
#1593=EDGE_CURVE('',#1225,#1240,#722,.T.);
#1594=EDGE_CURVE('',#1240,#1240,#146,.T.);
#1595=EDGE_CURVE('',#1234,#1241,#723,.T.);
#1596=EDGE_CURVE('',#1235,#1242,#724,.T.);
#1597=EDGE_CURVE('',#1241,#1242,#725,.T.);
#1598=EDGE_CURVE('',#1239,#1243,#726,.T.);
#1599=EDGE_CURVE('',#1242,#1243,#727,.T.);
#1600=EDGE_CURVE('',#1238,#1244,#728,.T.);
#1601=EDGE_CURVE('',#1243,#1244,#729,.T.);
#1602=EDGE_CURVE('',#1237,#1245,#730,.T.);
#1603=EDGE_CURVE('',#1244,#1245,#731,.T.);
#1604=EDGE_CURVE('',#1236,#1246,#732,.T.);
#1605=EDGE_CURVE('',#1245,#1246,#733,.T.);
#1606=EDGE_CURVE('',#1246,#1241,#734,.T.);
#1607=ORIENTED_EDGE('',*,*,#1247,.F.);
#1608=ORIENTED_EDGE('',*,*,#1248,.T.);
#1609=ORIENTED_EDGE('',*,*,#1249,.T.);
#1610=ORIENTED_EDGE('',*,*,#1250,.F.);
#1611=ORIENTED_EDGE('',*,*,#1251,.F.);
#1612=ORIENTED_EDGE('',*,*,#1252,.T.);
#1613=ORIENTED_EDGE('',*,*,#1253,.T.);
#1614=ORIENTED_EDGE('',*,*,#1248,.F.);
#1615=ORIENTED_EDGE('',*,*,#1254,.F.);
#1616=ORIENTED_EDGE('',*,*,#1255,.F.);
#1617=ORIENTED_EDGE('',*,*,#1256,.T.);
#1618=ORIENTED_EDGE('',*,*,#1252,.F.);
#1619=ORIENTED_EDGE('',*,*,#1256,.F.);
#1620=ORIENTED_EDGE('',*,*,#1257,.F.);
#1621=ORIENTED_EDGE('',*,*,#1249,.F.);
#1622=ORIENTED_EDGE('',*,*,#1253,.F.);
#1623=ORIENTED_EDGE('',*,*,#1254,.T.);
#1624=ORIENTED_EDGE('',*,*,#1251,.T.);
#1625=ORIENTED_EDGE('',*,*,#1247,.T.);
#1626=ORIENTED_EDGE('',*,*,#1258,.T.);
#1627=ORIENTED_EDGE('',*,*,#1259,.T.);
#1628=ORIENTED_EDGE('',*,*,#1260,.T.);
#1629=ORIENTED_EDGE('',*,*,#1261,.T.);
#1630=ORIENTED_EDGE('',*,*,#1262,.T.);
#1631=ORIENTED_EDGE('',*,*,#1263,.F.);
#1632=ORIENTED_EDGE('',*,*,#1264,.F.);
#1633=ORIENTED_EDGE('',*,*,#1265,.F.);
#1634=ORIENTED_EDGE('',*,*,#1266,.F.);
#1635=ORIENTED_EDGE('',*,*,#1255,.T.);
#1636=ORIENTED_EDGE('',*,*,#1262,.F.);
#1637=ORIENTED_EDGE('',*,*,#1267,.F.);
#1638=ORIENTED_EDGE('',*,*,#1268,.T.);
#1639=ORIENTED_EDGE('',*,*,#1269,.T.);
#1640=ORIENTED_EDGE('',*,*,#1258,.F.);
#1641=ORIENTED_EDGE('',*,*,#1250,.T.);
#1642=ORIENTED_EDGE('',*,*,#1257,.T.);
#1643=ORIENTED_EDGE('',*,*,#1270,.F.);
#1644=ORIENTED_EDGE('',*,*,#1271,.T.);
#1645=ORIENTED_EDGE('',*,*,#1267,.T.);
#1646=ORIENTED_EDGE('',*,*,#1261,.F.);
#1647=ORIENTED_EDGE('',*,*,#1269,.F.);
#1648=ORIENTED_EDGE('',*,*,#1272,.T.);
#1649=ORIENTED_EDGE('',*,*,#1273,.T.);
#1650=ORIENTED_EDGE('',*,*,#1259,.F.);
#1651=ORIENTED_EDGE('',*,*,#1268,.F.);
#1652=ORIENTED_EDGE('',*,*,#1271,.F.);
#1653=ORIENTED_EDGE('',*,*,#1274,.F.);
#1654=ORIENTED_EDGE('',*,*,#1272,.F.);
#1655=ORIENTED_EDGE('',*,*,#1273,.F.);
#1656=ORIENTED_EDGE('',*,*,#1274,.T.);
#1657=ORIENTED_EDGE('',*,*,#1270,.T.);
#1658=ORIENTED_EDGE('',*,*,#1260,.F.);
#1659=ORIENTED_EDGE('',*,*,#1275,.F.);
#1660=ORIENTED_EDGE('',*,*,#1263,.T.);
#1661=ORIENTED_EDGE('',*,*,#1276,.T.);
#1662=ORIENTED_EDGE('',*,*,#1277,.F.);
#1663=ORIENTED_EDGE('',*,*,#1278,.F.);
#1664=ORIENTED_EDGE('',*,*,#1264,.T.);
#1665=ORIENTED_EDGE('',*,*,#1275,.T.);
#1666=ORIENTED_EDGE('',*,*,#1279,.F.);
#1667=ORIENTED_EDGE('',*,*,#1276,.F.);
#1668=ORIENTED_EDGE('',*,*,#1266,.T.);
#1669=ORIENTED_EDGE('',*,*,#1280,.T.);
#1670=ORIENTED_EDGE('',*,*,#1281,.F.);
#1671=ORIENTED_EDGE('',*,*,#1280,.F.);
#1672=ORIENTED_EDGE('',*,*,#1265,.T.);
#1673=ORIENTED_EDGE('',*,*,#1278,.T.);
#1674=ORIENTED_EDGE('',*,*,#1282,.F.);
#1675=ORIENTED_EDGE('',*,*,#1277,.T.);
#1676=ORIENTED_EDGE('',*,*,#1281,.T.);
#1677=ORIENTED_EDGE('',*,*,#1282,.T.);
#1678=ORIENTED_EDGE('',*,*,#1279,.T.);
#1679=ORIENTED_EDGE('',*,*,#1283,.F.);
#1680=ORIENTED_EDGE('',*,*,#1284,.T.);
#1681=ORIENTED_EDGE('',*,*,#1285,.T.);
#1682=ORIENTED_EDGE('',*,*,#1286,.F.);
#1683=ORIENTED_EDGE('',*,*,#1287,.F.);
#1684=ORIENTED_EDGE('',*,*,#1288,.T.);
#1685=ORIENTED_EDGE('',*,*,#1283,.T.);
#1686=ORIENTED_EDGE('',*,*,#1289,.F.);
#1687=ORIENTED_EDGE('',*,*,#1285,.F.);
#1688=ORIENTED_EDGE('',*,*,#1290,.T.);
#1689=ORIENTED_EDGE('',*,*,#1291,.T.);
#1690=ORIENTED_EDGE('',*,*,#1292,.F.);
#1691=ORIENTED_EDGE('',*,*,#1284,.F.);
#1692=ORIENTED_EDGE('',*,*,#1288,.F.);
#1693=ORIENTED_EDGE('',*,*,#1293,.F.);
#1694=ORIENTED_EDGE('',*,*,#1294,.F.);
#1695=ORIENTED_EDGE('',*,*,#1295,.F.);
#1696=ORIENTED_EDGE('',*,*,#1296,.F.);
#1697=ORIENTED_EDGE('',*,*,#1297,.F.);
#1698=ORIENTED_EDGE('',*,*,#1290,.F.);
#1699=ORIENTED_EDGE('',*,*,#1298,.T.);
#1700=ORIENTED_EDGE('',*,*,#1299,.T.);
#1701=ORIENTED_EDGE('',*,*,#1300,.T.);
#1702=ORIENTED_EDGE('',*,*,#1301,.T.);
#1703=ORIENTED_EDGE('',*,*,#1302,.T.);
#1704=ORIENTED_EDGE('',*,*,#1303,.T.);
#1705=ORIENTED_EDGE('',*,*,#1304,.T.);
#1706=ORIENTED_EDGE('',*,*,#1305,.T.);
#1707=ORIENTED_EDGE('',*,*,#1306,.T.);
#1708=ORIENTED_EDGE('',*,*,#1307,.T.);
#1709=ORIENTED_EDGE('',*,*,#1308,.T.);
#1710=ORIENTED_EDGE('',*,*,#1309,.T.);
#1711=ORIENTED_EDGE('',*,*,#1286,.T.);
#1712=ORIENTED_EDGE('',*,*,#1292,.T.);
#1713=ORIENTED_EDGE('',*,*,#1310,.T.);
#1714=ORIENTED_EDGE('',*,*,#1311,.T.);
#1715=ORIENTED_EDGE('',*,*,#1312,.T.);
#1716=ORIENTED_EDGE('',*,*,#1313,.T.);
#1717=ORIENTED_EDGE('',*,*,#1314,.T.);
#1718=ORIENTED_EDGE('',*,*,#1289,.T.);
#1719=ORIENTED_EDGE('',*,*,#1315,.F.);
#1720=ORIENTED_EDGE('',*,*,#1316,.F.);
#1721=ORIENTED_EDGE('',*,*,#1317,.F.);
#1722=ORIENTED_EDGE('',*,*,#1318,.F.);
#1723=ORIENTED_EDGE('',*,*,#1319,.F.);
#1724=ORIENTED_EDGE('',*,*,#1320,.F.);
#1725=ORIENTED_EDGE('',*,*,#1321,.F.);
#1726=ORIENTED_EDGE('',*,*,#1322,.F.);
#1727=ORIENTED_EDGE('',*,*,#1323,.F.);
#1728=ORIENTED_EDGE('',*,*,#1324,.F.);
#1729=ORIENTED_EDGE('',*,*,#1325,.F.);
#1730=ORIENTED_EDGE('',*,*,#1326,.F.);
#1731=ORIENTED_EDGE('',*,*,#1327,.F.);
#1732=ORIENTED_EDGE('',*,*,#1293,.T.);
#1733=ORIENTED_EDGE('',*,*,#1287,.T.);
#1734=ORIENTED_EDGE('',*,*,#1314,.F.);
#1735=ORIENTED_EDGE('',*,*,#1291,.F.);
#1736=ORIENTED_EDGE('',*,*,#1297,.T.);
#1737=ORIENTED_EDGE('',*,*,#1328,.T.);
#1738=ORIENTED_EDGE('',*,*,#1310,.F.);
#1739=ORIENTED_EDGE('',*,*,#1329,.F.);
#1740=ORIENTED_EDGE('',*,*,#1294,.T.);
#1741=ORIENTED_EDGE('',*,*,#1327,.T.);
#1742=ORIENTED_EDGE('',*,*,#1313,.F.);
#1743=ORIENTED_EDGE('',*,*,#1328,.F.);
#1744=ORIENTED_EDGE('',*,*,#1296,.T.);
#1745=ORIENTED_EDGE('',*,*,#1330,.T.);
#1746=ORIENTED_EDGE('',*,*,#1311,.F.);
#1747=ORIENTED_EDGE('',*,*,#1330,.F.);
#1748=ORIENTED_EDGE('',*,*,#1295,.T.);
#1749=ORIENTED_EDGE('',*,*,#1329,.T.);
#1750=ORIENTED_EDGE('',*,*,#1312,.F.);
#1751=ORIENTED_EDGE('',*,*,#1331,.F.);
#1752=ORIENTED_EDGE('',*,*,#1315,.T.);
#1753=ORIENTED_EDGE('',*,*,#1332,.T.);
#1754=ORIENTED_EDGE('',*,*,#1298,.F.);
#1755=ORIENTED_EDGE('',*,*,#1333,.F.);
#1756=ORIENTED_EDGE('',*,*,#1316,.T.);
#1757=ORIENTED_EDGE('',*,*,#1331,.T.);
#1758=ORIENTED_EDGE('',*,*,#1301,.F.);
#1759=ORIENTED_EDGE('',*,*,#1332,.F.);
#1760=ORIENTED_EDGE('',*,*,#1318,.T.);
#1761=ORIENTED_EDGE('',*,*,#1334,.T.);
#1762=ORIENTED_EDGE('',*,*,#1299,.F.);
#1763=ORIENTED_EDGE('',*,*,#1334,.F.);
#1764=ORIENTED_EDGE('',*,*,#1317,.T.);
#1765=ORIENTED_EDGE('',*,*,#1333,.T.);
#1766=ORIENTED_EDGE('',*,*,#1300,.F.);
#1767=ORIENTED_EDGE('',*,*,#1335,.F.);
#1768=ORIENTED_EDGE('',*,*,#1319,.T.);
#1769=ORIENTED_EDGE('',*,*,#1336,.T.);
#1770=ORIENTED_EDGE('',*,*,#1302,.F.);
#1771=ORIENTED_EDGE('',*,*,#1336,.F.);
#1772=ORIENTED_EDGE('',*,*,#1322,.T.);
#1773=ORIENTED_EDGE('',*,*,#1337,.T.);
#1774=ORIENTED_EDGE('',*,*,#1303,.F.);
#1775=ORIENTED_EDGE('',*,*,#1337,.F.);
#1776=ORIENTED_EDGE('',*,*,#1321,.T.);
#1777=ORIENTED_EDGE('',*,*,#1338,.T.);
#1778=ORIENTED_EDGE('',*,*,#1304,.F.);
#1779=ORIENTED_EDGE('',*,*,#1338,.F.);
#1780=ORIENTED_EDGE('',*,*,#1320,.T.);
#1781=ORIENTED_EDGE('',*,*,#1335,.T.);
#1782=ORIENTED_EDGE('',*,*,#1305,.F.);
#1783=ORIENTED_EDGE('',*,*,#1339,.T.);
#1784=ORIENTED_EDGE('',*,*,#1306,.F.);
#1785=ORIENTED_EDGE('',*,*,#1340,.F.);
#1786=ORIENTED_EDGE('',*,*,#1323,.T.);
#1787=ORIENTED_EDGE('',*,*,#1341,.F.);
#1788=ORIENTED_EDGE('',*,*,#1324,.T.);
#1789=ORIENTED_EDGE('',*,*,#1340,.T.);
#1790=ORIENTED_EDGE('',*,*,#1309,.F.);
#1791=ORIENTED_EDGE('',*,*,#1339,.F.);
#1792=ORIENTED_EDGE('',*,*,#1326,.T.);
#1793=ORIENTED_EDGE('',*,*,#1342,.T.);
#1794=ORIENTED_EDGE('',*,*,#1307,.F.);
#1795=ORIENTED_EDGE('',*,*,#1325,.T.);
#1796=ORIENTED_EDGE('',*,*,#1341,.T.);
#1797=ORIENTED_EDGE('',*,*,#1308,.F.);
#1798=ORIENTED_EDGE('',*,*,#1342,.F.);
#1799=ORIENTED_EDGE('',*,*,#1343,.F.);
#1800=ORIENTED_EDGE('',*,*,#1344,.T.);
#1801=ORIENTED_EDGE('',*,*,#1345,.T.);
#1802=ORIENTED_EDGE('',*,*,#1346,.F.);
#1803=ORIENTED_EDGE('',*,*,#1347,.F.);
#1804=ORIENTED_EDGE('',*,*,#1348,.T.);
#1805=ORIENTED_EDGE('',*,*,#1343,.T.);
#1806=ORIENTED_EDGE('',*,*,#1349,.F.);
#1807=ORIENTED_EDGE('',*,*,#1350,.T.);
#1808=ORIENTED_EDGE('',*,*,#1351,.F.);
#1809=ORIENTED_EDGE('',*,*,#1352,.F.);
#1810=ORIENTED_EDGE('',*,*,#1353,.F.);
#1811=ORIENTED_EDGE('',*,*,#1354,.F.);
#1812=ORIENTED_EDGE('',*,*,#1345,.F.);
#1813=ORIENTED_EDGE('',*,*,#1355,.T.);
#1814=ORIENTED_EDGE('',*,*,#1356,.T.);
#1815=ORIENTED_EDGE('',*,*,#1357,.F.);
#1816=ORIENTED_EDGE('',*,*,#1348,.F.);
#1817=ORIENTED_EDGE('',*,*,#1358,.F.);
#1818=ORIENTED_EDGE('',*,*,#1355,.F.);
#1819=ORIENTED_EDGE('',*,*,#1344,.F.);
#1820=ORIENTED_EDGE('',*,*,#1359,.T.);
#1821=ORIENTED_EDGE('',*,*,#1353,.T.);
#1822=ORIENTED_EDGE('',*,*,#1360,.F.);
#1823=ORIENTED_EDGE('',*,*,#1361,.F.);
#1824=ORIENTED_EDGE('',*,*,#1362,.F.);
#1825=ORIENTED_EDGE('',*,*,#1349,.T.);
#1826=ORIENTED_EDGE('',*,*,#1346,.T.);
#1827=ORIENTED_EDGE('',*,*,#1357,.T.);
#1828=ORIENTED_EDGE('',*,*,#1363,.F.);
#1829=ORIENTED_EDGE('',*,*,#1364,.F.);
#1830=ORIENTED_EDGE('',*,*,#1365,.F.);
#1831=ORIENTED_EDGE('',*,*,#1366,.F.);
#1832=ORIENTED_EDGE('',*,*,#1356,.F.);
#1833=ORIENTED_EDGE('',*,*,#1358,.T.);
#1834=ORIENTED_EDGE('',*,*,#1347,.T.);
#1835=ORIENTED_EDGE('',*,*,#1359,.F.);
#1836=ORIENTED_EDGE('',*,*,#1367,.F.);
#1837=ORIENTED_EDGE('',*,*,#1360,.T.);
#1838=ORIENTED_EDGE('',*,*,#1352,.T.);
#1839=ORIENTED_EDGE('',*,*,#1368,.F.);
#1840=ORIENTED_EDGE('',*,*,#1351,.T.);
#1841=ORIENTED_EDGE('',*,*,#1369,.T.);
#1842=ORIENTED_EDGE('',*,*,#1370,.T.);
#1843=ORIENTED_EDGE('',*,*,#1368,.T.);
#1844=ORIENTED_EDGE('',*,*,#1350,.F.);
#1845=ORIENTED_EDGE('',*,*,#1362,.T.);
#1846=ORIENTED_EDGE('',*,*,#1371,.T.);
#1847=ORIENTED_EDGE('',*,*,#1369,.F.);
#1848=ORIENTED_EDGE('',*,*,#1372,.F.);
#1849=ORIENTED_EDGE('',*,*,#1373,.T.);
#1850=ORIENTED_EDGE('',*,*,#1354,.T.);
#1851=ORIENTED_EDGE('',*,*,#1373,.F.);
#1852=ORIENTED_EDGE('',*,*,#1371,.F.);
#1853=ORIENTED_EDGE('',*,*,#1361,.T.);
#1854=ORIENTED_EDGE('',*,*,#1367,.T.);
#1855=ORIENTED_EDGE('',*,*,#1370,.F.);
#1856=ORIENTED_EDGE('',*,*,#1372,.T.);
#1857=ORIENTED_EDGE('',*,*,#1363,.T.);
#1858=ORIENTED_EDGE('',*,*,#1374,.T.);
#1859=ORIENTED_EDGE('',*,*,#1375,.F.);
#1860=ORIENTED_EDGE('',*,*,#1376,.T.);
#1861=ORIENTED_EDGE('',*,*,#1377,.T.);
#1862=ORIENTED_EDGE('',*,*,#1378,.F.);
#1863=ORIENTED_EDGE('',*,*,#1379,.F.);
#1864=ORIENTED_EDGE('',*,*,#1380,.T.);
#1865=ORIENTED_EDGE('',*,*,#1381,.T.);
#1866=ORIENTED_EDGE('',*,*,#1382,.F.);
#1867=ORIENTED_EDGE('',*,*,#1383,.F.);
#1868=ORIENTED_EDGE('',*,*,#1374,.F.);
#1869=ORIENTED_EDGE('',*,*,#1364,.T.);
#1870=ORIENTED_EDGE('',*,*,#1384,.T.);
#1871=ORIENTED_EDGE('',*,*,#1385,.F.);
#1872=ORIENTED_EDGE('',*,*,#1386,.T.);
#1873=ORIENTED_EDGE('',*,*,#1387,.T.);
#1874=ORIENTED_EDGE('',*,*,#1388,.F.);
#1875=ORIENTED_EDGE('',*,*,#1389,.F.);
#1876=ORIENTED_EDGE('',*,*,#1390,.T.);
#1877=ORIENTED_EDGE('',*,*,#1391,.T.);
#1878=ORIENTED_EDGE('',*,*,#1392,.F.);
#1879=ORIENTED_EDGE('',*,*,#1393,.F.);
#1880=ORIENTED_EDGE('',*,*,#1384,.F.);
#1881=ORIENTED_EDGE('',*,*,#1365,.T.);
#1882=ORIENTED_EDGE('',*,*,#1394,.T.);
#1883=ORIENTED_EDGE('',*,*,#1395,.F.);
#1884=ORIENTED_EDGE('',*,*,#1396,.T.);
#1885=ORIENTED_EDGE('',*,*,#1397,.T.);
#1886=ORIENTED_EDGE('',*,*,#1398,.F.);
#1887=ORIENTED_EDGE('',*,*,#1399,.F.);
#1888=ORIENTED_EDGE('',*,*,#1400,.T.);
#1889=ORIENTED_EDGE('',*,*,#1401,.T.);
#1890=ORIENTED_EDGE('',*,*,#1402,.F.);
#1891=ORIENTED_EDGE('',*,*,#1403,.F.);
#1892=ORIENTED_EDGE('',*,*,#1394,.F.);
#1893=ORIENTED_EDGE('',*,*,#1366,.T.);
#1894=ORIENTED_EDGE('',*,*,#1404,.T.);
#1895=ORIENTED_EDGE('',*,*,#1405,.F.);
#1896=ORIENTED_EDGE('',*,*,#1406,.T.);
#1897=ORIENTED_EDGE('',*,*,#1407,.T.);
#1898=ORIENTED_EDGE('',*,*,#1408,.F.);
#1899=ORIENTED_EDGE('',*,*,#1409,.F.);
#1900=ORIENTED_EDGE('',*,*,#1410,.T.);
#1901=ORIENTED_EDGE('',*,*,#1411,.T.);
#1902=ORIENTED_EDGE('',*,*,#1412,.F.);
#1903=ORIENTED_EDGE('',*,*,#1413,.F.);
#1904=ORIENTED_EDGE('',*,*,#1404,.F.);
#1905=ORIENTED_EDGE('',*,*,#1379,.T.);
#1906=ORIENTED_EDGE('',*,*,#1414,.F.);
#1907=ORIENTED_EDGE('',*,*,#1415,.F.);
#1908=ORIENTED_EDGE('',*,*,#1416,.F.);
#1909=ORIENTED_EDGE('',*,*,#1417,.T.);
#1910=ORIENTED_EDGE('',*,*,#1418,.T.);
#1911=ORIENTED_EDGE('',*,*,#1419,.T.);
#1912=ORIENTED_EDGE('',*,*,#1420,.F.);
#1913=ORIENTED_EDGE('',*,*,#1421,.T.);
#1914=ORIENTED_EDGE('',*,*,#1414,.T.);
#1915=ORIENTED_EDGE('',*,*,#1378,.T.);
#1916=ORIENTED_EDGE('',*,*,#1422,.F.);
#1917=ORIENTED_EDGE('',*,*,#1380,.F.);
#1918=ORIENTED_EDGE('',*,*,#1416,.T.);
#1919=ORIENTED_EDGE('',*,*,#1423,.F.);
#1920=ORIENTED_EDGE('',*,*,#1424,.F.);
#1921=ORIENTED_EDGE('',*,*,#1425,.F.);
#1922=ORIENTED_EDGE('',*,*,#1426,.T.);
#1923=ORIENTED_EDGE('',*,*,#1427,.T.);
#1924=ORIENTED_EDGE('',*,*,#1381,.F.);
#1925=ORIENTED_EDGE('',*,*,#1422,.T.);
#1926=ORIENTED_EDGE('',*,*,#1377,.F.);
#1927=ORIENTED_EDGE('',*,*,#1428,.T.);
#1928=ORIENTED_EDGE('',*,*,#1429,.T.);
#1929=ORIENTED_EDGE('',*,*,#1430,.T.);
#1930=ORIENTED_EDGE('',*,*,#1431,.F.);
#1931=ORIENTED_EDGE('',*,*,#1432,.T.);
#1932=ORIENTED_EDGE('',*,*,#1433,.T.);
#1933=ORIENTED_EDGE('',*,*,#1382,.T.);
#1934=ORIENTED_EDGE('',*,*,#1427,.F.);
#1935=ORIENTED_EDGE('',*,*,#1376,.F.);
#1936=ORIENTED_EDGE('',*,*,#1434,.T.);
#1937=ORIENTED_EDGE('',*,*,#1435,.F.);
#1938=ORIENTED_EDGE('',*,*,#1436,.F.);
#1939=ORIENTED_EDGE('',*,*,#1437,.F.);
#1940=ORIENTED_EDGE('',*,*,#1438,.T.);
#1941=ORIENTED_EDGE('',*,*,#1434,.F.);
#1942=ORIENTED_EDGE('',*,*,#1375,.T.);
#1943=ORIENTED_EDGE('',*,*,#1383,.T.);
#1944=ORIENTED_EDGE('',*,*,#1433,.F.);
#1945=ORIENTED_EDGE('',*,*,#1439,.F.);
#1946=ORIENTED_EDGE('',*,*,#1389,.T.);
#1947=ORIENTED_EDGE('',*,*,#1440,.F.);
#1948=ORIENTED_EDGE('',*,*,#1441,.F.);
#1949=ORIENTED_EDGE('',*,*,#1442,.F.);
#1950=ORIENTED_EDGE('',*,*,#1443,.T.);
#1951=ORIENTED_EDGE('',*,*,#1444,.T.);
#1952=ORIENTED_EDGE('',*,*,#1445,.T.);
#1953=ORIENTED_EDGE('',*,*,#1446,.F.);
#1954=ORIENTED_EDGE('',*,*,#1447,.T.);
#1955=ORIENTED_EDGE('',*,*,#1440,.T.);
#1956=ORIENTED_EDGE('',*,*,#1388,.T.);
#1957=ORIENTED_EDGE('',*,*,#1448,.F.);
#1958=ORIENTED_EDGE('',*,*,#1390,.F.);
#1959=ORIENTED_EDGE('',*,*,#1442,.T.);
#1960=ORIENTED_EDGE('',*,*,#1449,.F.);
#1961=ORIENTED_EDGE('',*,*,#1450,.F.);
#1962=ORIENTED_EDGE('',*,*,#1451,.F.);
#1963=ORIENTED_EDGE('',*,*,#1452,.T.);
#1964=ORIENTED_EDGE('',*,*,#1453,.T.);
#1965=ORIENTED_EDGE('',*,*,#1391,.F.);
#1966=ORIENTED_EDGE('',*,*,#1448,.T.);
#1967=ORIENTED_EDGE('',*,*,#1387,.F.);
#1968=ORIENTED_EDGE('',*,*,#1454,.T.);
#1969=ORIENTED_EDGE('',*,*,#1455,.T.);
#1970=ORIENTED_EDGE('',*,*,#1456,.T.);
#1971=ORIENTED_EDGE('',*,*,#1457,.F.);
#1972=ORIENTED_EDGE('',*,*,#1458,.T.);
#1973=ORIENTED_EDGE('',*,*,#1459,.T.);
#1974=ORIENTED_EDGE('',*,*,#1392,.T.);
#1975=ORIENTED_EDGE('',*,*,#1453,.F.);
#1976=ORIENTED_EDGE('',*,*,#1386,.F.);
#1977=ORIENTED_EDGE('',*,*,#1460,.T.);
#1978=ORIENTED_EDGE('',*,*,#1461,.F.);
#1979=ORIENTED_EDGE('',*,*,#1462,.F.);
#1980=ORIENTED_EDGE('',*,*,#1463,.F.);
#1981=ORIENTED_EDGE('',*,*,#1464,.T.);
#1982=ORIENTED_EDGE('',*,*,#1460,.F.);
#1983=ORIENTED_EDGE('',*,*,#1385,.T.);
#1984=ORIENTED_EDGE('',*,*,#1393,.T.);
#1985=ORIENTED_EDGE('',*,*,#1459,.F.);
#1986=ORIENTED_EDGE('',*,*,#1465,.F.);
#1987=ORIENTED_EDGE('',*,*,#1399,.T.);
#1988=ORIENTED_EDGE('',*,*,#1466,.F.);
#1989=ORIENTED_EDGE('',*,*,#1467,.F.);
#1990=ORIENTED_EDGE('',*,*,#1468,.F.);
#1991=ORIENTED_EDGE('',*,*,#1469,.T.);
#1992=ORIENTED_EDGE('',*,*,#1470,.T.);
#1993=ORIENTED_EDGE('',*,*,#1471,.T.);
#1994=ORIENTED_EDGE('',*,*,#1472,.F.);
#1995=ORIENTED_EDGE('',*,*,#1473,.T.);
#1996=ORIENTED_EDGE('',*,*,#1466,.T.);
#1997=ORIENTED_EDGE('',*,*,#1398,.T.);
#1998=ORIENTED_EDGE('',*,*,#1474,.F.);
#1999=ORIENTED_EDGE('',*,*,#1400,.F.);
#2000=ORIENTED_EDGE('',*,*,#1468,.T.);
#2001=ORIENTED_EDGE('',*,*,#1475,.F.);
#2002=ORIENTED_EDGE('',*,*,#1476,.F.);
#2003=ORIENTED_EDGE('',*,*,#1477,.F.);
#2004=ORIENTED_EDGE('',*,*,#1478,.T.);
#2005=ORIENTED_EDGE('',*,*,#1479,.T.);
#2006=ORIENTED_EDGE('',*,*,#1401,.F.);
#2007=ORIENTED_EDGE('',*,*,#1474,.T.);
#2008=ORIENTED_EDGE('',*,*,#1397,.F.);
#2009=ORIENTED_EDGE('',*,*,#1480,.T.);
#2010=ORIENTED_EDGE('',*,*,#1481,.T.);
#2011=ORIENTED_EDGE('',*,*,#1482,.T.);
#2012=ORIENTED_EDGE('',*,*,#1483,.F.);
#2013=ORIENTED_EDGE('',*,*,#1484,.T.);
#2014=ORIENTED_EDGE('',*,*,#1485,.T.);
#2015=ORIENTED_EDGE('',*,*,#1402,.T.);
#2016=ORIENTED_EDGE('',*,*,#1479,.F.);
#2017=ORIENTED_EDGE('',*,*,#1396,.F.);
#2018=ORIENTED_EDGE('',*,*,#1486,.T.);
#2019=ORIENTED_EDGE('',*,*,#1487,.F.);
#2020=ORIENTED_EDGE('',*,*,#1488,.F.);
#2021=ORIENTED_EDGE('',*,*,#1489,.F.);
#2022=ORIENTED_EDGE('',*,*,#1490,.T.);
#2023=ORIENTED_EDGE('',*,*,#1486,.F.);
#2024=ORIENTED_EDGE('',*,*,#1395,.T.);
#2025=ORIENTED_EDGE('',*,*,#1403,.T.);
#2026=ORIENTED_EDGE('',*,*,#1485,.F.);
#2027=ORIENTED_EDGE('',*,*,#1491,.F.);
#2028=ORIENTED_EDGE('',*,*,#1409,.T.);
#2029=ORIENTED_EDGE('',*,*,#1492,.F.);
#2030=ORIENTED_EDGE('',*,*,#1493,.F.);
#2031=ORIENTED_EDGE('',*,*,#1494,.F.);
#2032=ORIENTED_EDGE('',*,*,#1495,.T.);
#2033=ORIENTED_EDGE('',*,*,#1496,.T.);
#2034=ORIENTED_EDGE('',*,*,#1497,.T.);
#2035=ORIENTED_EDGE('',*,*,#1498,.F.);
#2036=ORIENTED_EDGE('',*,*,#1499,.T.);
#2037=ORIENTED_EDGE('',*,*,#1492,.T.);
#2038=ORIENTED_EDGE('',*,*,#1408,.T.);
#2039=ORIENTED_EDGE('',*,*,#1500,.F.);
#2040=ORIENTED_EDGE('',*,*,#1410,.F.);
#2041=ORIENTED_EDGE('',*,*,#1494,.T.);
#2042=ORIENTED_EDGE('',*,*,#1501,.F.);
#2043=ORIENTED_EDGE('',*,*,#1502,.F.);
#2044=ORIENTED_EDGE('',*,*,#1503,.F.);
#2045=ORIENTED_EDGE('',*,*,#1504,.T.);
#2046=ORIENTED_EDGE('',*,*,#1505,.T.);
#2047=ORIENTED_EDGE('',*,*,#1411,.F.);
#2048=ORIENTED_EDGE('',*,*,#1500,.T.);
#2049=ORIENTED_EDGE('',*,*,#1407,.F.);
#2050=ORIENTED_EDGE('',*,*,#1506,.T.);
#2051=ORIENTED_EDGE('',*,*,#1507,.T.);
#2052=ORIENTED_EDGE('',*,*,#1508,.T.);
#2053=ORIENTED_EDGE('',*,*,#1509,.F.);
#2054=ORIENTED_EDGE('',*,*,#1510,.T.);
#2055=ORIENTED_EDGE('',*,*,#1511,.T.);
#2056=ORIENTED_EDGE('',*,*,#1412,.T.);
#2057=ORIENTED_EDGE('',*,*,#1505,.F.);
#2058=ORIENTED_EDGE('',*,*,#1406,.F.);
#2059=ORIENTED_EDGE('',*,*,#1512,.T.);
#2060=ORIENTED_EDGE('',*,*,#1513,.F.);
#2061=ORIENTED_EDGE('',*,*,#1514,.F.);
#2062=ORIENTED_EDGE('',*,*,#1515,.F.);
#2063=ORIENTED_EDGE('',*,*,#1516,.T.);
#2064=ORIENTED_EDGE('',*,*,#1512,.F.);
#2065=ORIENTED_EDGE('',*,*,#1405,.T.);
#2066=ORIENTED_EDGE('',*,*,#1413,.T.);
#2067=ORIENTED_EDGE('',*,*,#1511,.F.);
#2068=ORIENTED_EDGE('',*,*,#1517,.F.);
#2069=ORIENTED_EDGE('',*,*,#1421,.F.);
#2070=ORIENTED_EDGE('',*,*,#1518,.F.);
#2071=ORIENTED_EDGE('',*,*,#1423,.T.);
#2072=ORIENTED_EDGE('',*,*,#1415,.T.);
#2073=ORIENTED_EDGE('',*,*,#1519,.T.);
#2074=ORIENTED_EDGE('',*,*,#1417,.F.);
#2075=ORIENTED_EDGE('',*,*,#1520,.T.);
#2076=ORIENTED_EDGE('',*,*,#1418,.F.);
#2077=ORIENTED_EDGE('',*,*,#1519,.F.);
#2078=ORIENTED_EDGE('',*,*,#1426,.F.);
#2079=ORIENTED_EDGE('',*,*,#1425,.T.);
#2080=ORIENTED_EDGE('',*,*,#1521,.T.);
#2081=ORIENTED_EDGE('',*,*,#1419,.F.);
#2082=ORIENTED_EDGE('',*,*,#1520,.F.);
#2083=ORIENTED_EDGE('',*,*,#1521,.F.);
#2084=ORIENTED_EDGE('',*,*,#1424,.T.);
#2085=ORIENTED_EDGE('',*,*,#1518,.T.);
#2086=ORIENTED_EDGE('',*,*,#1420,.T.);
#2087=ORIENTED_EDGE('',*,*,#1428,.F.);
#2088=ORIENTED_EDGE('',*,*,#1522,.T.);
#2089=ORIENTED_EDGE('',*,*,#1438,.F.);
#2090=ORIENTED_EDGE('',*,*,#1523,.T.);
#2091=ORIENTED_EDGE('',*,*,#1429,.F.);
#2092=ORIENTED_EDGE('',*,*,#1522,.F.);
#2093=ORIENTED_EDGE('',*,*,#1524,.T.);
#2094=ORIENTED_EDGE('',*,*,#1430,.F.);
#2095=ORIENTED_EDGE('',*,*,#1523,.F.);
#2096=ORIENTED_EDGE('',*,*,#1437,.T.);
#2097=ORIENTED_EDGE('',*,*,#1436,.T.);
#2098=ORIENTED_EDGE('',*,*,#1525,.T.);
#2099=ORIENTED_EDGE('',*,*,#1431,.T.);
#2100=ORIENTED_EDGE('',*,*,#1524,.F.);
#2101=ORIENTED_EDGE('',*,*,#1439,.T.);
#2102=ORIENTED_EDGE('',*,*,#1432,.F.);
#2103=ORIENTED_EDGE('',*,*,#1525,.F.);
#2104=ORIENTED_EDGE('',*,*,#1435,.T.);
#2105=ORIENTED_EDGE('',*,*,#1447,.F.);
#2106=ORIENTED_EDGE('',*,*,#1526,.F.);
#2107=ORIENTED_EDGE('',*,*,#1449,.T.);
#2108=ORIENTED_EDGE('',*,*,#1441,.T.);
#2109=ORIENTED_EDGE('',*,*,#1527,.T.);
#2110=ORIENTED_EDGE('',*,*,#1443,.F.);
#2111=ORIENTED_EDGE('',*,*,#1528,.T.);
#2112=ORIENTED_EDGE('',*,*,#1444,.F.);
#2113=ORIENTED_EDGE('',*,*,#1527,.F.);
#2114=ORIENTED_EDGE('',*,*,#1452,.F.);
#2115=ORIENTED_EDGE('',*,*,#1451,.T.);
#2116=ORIENTED_EDGE('',*,*,#1529,.T.);
#2117=ORIENTED_EDGE('',*,*,#1445,.F.);
#2118=ORIENTED_EDGE('',*,*,#1528,.F.);
#2119=ORIENTED_EDGE('',*,*,#1529,.F.);
#2120=ORIENTED_EDGE('',*,*,#1450,.T.);
#2121=ORIENTED_EDGE('',*,*,#1526,.T.);
#2122=ORIENTED_EDGE('',*,*,#1446,.T.);
#2123=ORIENTED_EDGE('',*,*,#1454,.F.);
#2124=ORIENTED_EDGE('',*,*,#1530,.T.);
#2125=ORIENTED_EDGE('',*,*,#1464,.F.);
#2126=ORIENTED_EDGE('',*,*,#1531,.T.);
#2127=ORIENTED_EDGE('',*,*,#1455,.F.);
#2128=ORIENTED_EDGE('',*,*,#1530,.F.);
#2129=ORIENTED_EDGE('',*,*,#1532,.T.);
#2130=ORIENTED_EDGE('',*,*,#1456,.F.);
#2131=ORIENTED_EDGE('',*,*,#1531,.F.);
#2132=ORIENTED_EDGE('',*,*,#1463,.T.);
#2133=ORIENTED_EDGE('',*,*,#1462,.T.);
#2134=ORIENTED_EDGE('',*,*,#1533,.T.);
#2135=ORIENTED_EDGE('',*,*,#1457,.T.);
#2136=ORIENTED_EDGE('',*,*,#1532,.F.);
#2137=ORIENTED_EDGE('',*,*,#1465,.T.);
#2138=ORIENTED_EDGE('',*,*,#1458,.F.);
#2139=ORIENTED_EDGE('',*,*,#1533,.F.);
#2140=ORIENTED_EDGE('',*,*,#1461,.T.);
#2141=ORIENTED_EDGE('',*,*,#1473,.F.);
#2142=ORIENTED_EDGE('',*,*,#1534,.F.);
#2143=ORIENTED_EDGE('',*,*,#1475,.T.);
#2144=ORIENTED_EDGE('',*,*,#1467,.T.);
#2145=ORIENTED_EDGE('',*,*,#1535,.T.);
#2146=ORIENTED_EDGE('',*,*,#1469,.F.);
#2147=ORIENTED_EDGE('',*,*,#1536,.T.);
#2148=ORIENTED_EDGE('',*,*,#1470,.F.);
#2149=ORIENTED_EDGE('',*,*,#1535,.F.);
#2150=ORIENTED_EDGE('',*,*,#1478,.F.);
#2151=ORIENTED_EDGE('',*,*,#1477,.T.);
#2152=ORIENTED_EDGE('',*,*,#1537,.T.);
#2153=ORIENTED_EDGE('',*,*,#1471,.F.);
#2154=ORIENTED_EDGE('',*,*,#1536,.F.);
#2155=ORIENTED_EDGE('',*,*,#1537,.F.);
#2156=ORIENTED_EDGE('',*,*,#1476,.T.);
#2157=ORIENTED_EDGE('',*,*,#1534,.T.);
#2158=ORIENTED_EDGE('',*,*,#1472,.T.);
#2159=ORIENTED_EDGE('',*,*,#1480,.F.);
#2160=ORIENTED_EDGE('',*,*,#1538,.T.);
#2161=ORIENTED_EDGE('',*,*,#1490,.F.);
#2162=ORIENTED_EDGE('',*,*,#1539,.T.);
#2163=ORIENTED_EDGE('',*,*,#1481,.F.);
#2164=ORIENTED_EDGE('',*,*,#1538,.F.);
#2165=ORIENTED_EDGE('',*,*,#1540,.T.);
#2166=ORIENTED_EDGE('',*,*,#1482,.F.);
#2167=ORIENTED_EDGE('',*,*,#1539,.F.);
#2168=ORIENTED_EDGE('',*,*,#1489,.T.);
#2169=ORIENTED_EDGE('',*,*,#1488,.T.);
#2170=ORIENTED_EDGE('',*,*,#1541,.T.);
#2171=ORIENTED_EDGE('',*,*,#1483,.T.);
#2172=ORIENTED_EDGE('',*,*,#1540,.F.);
#2173=ORIENTED_EDGE('',*,*,#1491,.T.);
#2174=ORIENTED_EDGE('',*,*,#1484,.F.);
#2175=ORIENTED_EDGE('',*,*,#1541,.F.);
#2176=ORIENTED_EDGE('',*,*,#1487,.T.);
#2177=ORIENTED_EDGE('',*,*,#1542,.T.);
#2178=ORIENTED_EDGE('',*,*,#1495,.F.);
#2179=ORIENTED_EDGE('',*,*,#1543,.T.);
#2180=ORIENTED_EDGE('',*,*,#1496,.F.);
#2181=ORIENTED_EDGE('',*,*,#1542,.F.);
#2182=ORIENTED_EDGE('',*,*,#1504,.F.);
#2183=ORIENTED_EDGE('',*,*,#1544,.F.);
#2184=ORIENTED_EDGE('',*,*,#1502,.T.);
#2185=ORIENTED_EDGE('',*,*,#1545,.T.);
#2186=ORIENTED_EDGE('',*,*,#1498,.T.);
#2187=ORIENTED_EDGE('',*,*,#1506,.F.);
#2188=ORIENTED_EDGE('',*,*,#1546,.T.);
#2189=ORIENTED_EDGE('',*,*,#1516,.F.);
#2190=ORIENTED_EDGE('',*,*,#1547,.T.);
#2191=ORIENTED_EDGE('',*,*,#1507,.F.);
#2192=ORIENTED_EDGE('',*,*,#1546,.F.);
#2193=ORIENTED_EDGE('',*,*,#1548,.T.);
#2194=ORIENTED_EDGE('',*,*,#1508,.F.);
#2195=ORIENTED_EDGE('',*,*,#1547,.F.);
#2196=ORIENTED_EDGE('',*,*,#1515,.T.);
#2197=ORIENTED_EDGE('',*,*,#1514,.T.);
#2198=ORIENTED_EDGE('',*,*,#1549,.T.);
#2199=ORIENTED_EDGE('',*,*,#1509,.T.);
#2200=ORIENTED_EDGE('',*,*,#1548,.F.);
#2201=ORIENTED_EDGE('',*,*,#1517,.T.);
#2202=ORIENTED_EDGE('',*,*,#1510,.F.);
#2203=ORIENTED_EDGE('',*,*,#1549,.F.);
#2204=ORIENTED_EDGE('',*,*,#1513,.T.);
#2205=ORIENTED_EDGE('',*,*,#1499,.F.);
#2206=ORIENTED_EDGE('',*,*,#1545,.F.);
#2207=ORIENTED_EDGE('',*,*,#1501,.T.);
#2208=ORIENTED_EDGE('',*,*,#1493,.T.);
#2209=ORIENTED_EDGE('',*,*,#1503,.T.);
#2210=ORIENTED_EDGE('',*,*,#1544,.T.);
#2211=ORIENTED_EDGE('',*,*,#1497,.F.);
#2212=ORIENTED_EDGE('',*,*,#1543,.F.);
#2213=ORIENTED_EDGE('',*,*,#1550,.F.);
#2214=ORIENTED_EDGE('',*,*,#1551,.T.);
#2215=ORIENTED_EDGE('',*,*,#1552,.T.);
#2216=ORIENTED_EDGE('',*,*,#1553,.F.);
#2217=ORIENTED_EDGE('',*,*,#1554,.F.);
#2218=ORIENTED_EDGE('',*,*,#1555,.T.);
#2219=ORIENTED_EDGE('',*,*,#1550,.T.);
#2220=ORIENTED_EDGE('',*,*,#1556,.F.);
#2221=ORIENTED_EDGE('',*,*,#1552,.F.);
#2222=ORIENTED_EDGE('',*,*,#1557,.T.);
#2223=ORIENTED_EDGE('',*,*,#1558,.T.);
#2224=ORIENTED_EDGE('',*,*,#1559,.F.);
#2225=ORIENTED_EDGE('',*,*,#1551,.F.);
#2226=ORIENTED_EDGE('',*,*,#1555,.F.);
#2227=ORIENTED_EDGE('',*,*,#1560,.F.);
#2228=ORIENTED_EDGE('',*,*,#1561,.F.);
#2229=ORIENTED_EDGE('',*,*,#1562,.F.);
#2230=ORIENTED_EDGE('',*,*,#1563,.F.);
#2231=ORIENTED_EDGE('',*,*,#1564,.F.);
#2232=ORIENTED_EDGE('',*,*,#1565,.F.);
#2233=ORIENTED_EDGE('',*,*,#1566,.F.);
#2234=ORIENTED_EDGE('',*,*,#1567,.F.);
#2235=ORIENTED_EDGE('',*,*,#1568,.F.);
#2236=ORIENTED_EDGE('',*,*,#1557,.F.);
#2237=ORIENTED_EDGE('',*,*,#1569,.T.);
#2238=ORIENTED_EDGE('',*,*,#1553,.T.);
#2239=ORIENTED_EDGE('',*,*,#1559,.T.);
#2240=ORIENTED_EDGE('',*,*,#1570,.T.);
#2241=ORIENTED_EDGE('',*,*,#1571,.T.);
#2242=ORIENTED_EDGE('',*,*,#1572,.T.);
#2243=ORIENTED_EDGE('',*,*,#1573,.T.);
#2244=ORIENTED_EDGE('',*,*,#1574,.T.);
#2245=ORIENTED_EDGE('',*,*,#1575,.T.);
#2246=ORIENTED_EDGE('',*,*,#1576,.T.);
#2247=ORIENTED_EDGE('',*,*,#1577,.T.);
#2248=ORIENTED_EDGE('',*,*,#1578,.T.);
#2249=ORIENTED_EDGE('',*,*,#1556,.T.);
#2250=ORIENTED_EDGE('',*,*,#1579,.F.);
#2251=ORIENTED_EDGE('',*,*,#1580,.F.);
#2252=ORIENTED_EDGE('',*,*,#1581,.F.);
#2253=ORIENTED_EDGE('',*,*,#1582,.F.);
#2254=ORIENTED_EDGE('',*,*,#1583,.F.);
#2255=ORIENTED_EDGE('',*,*,#1584,.F.);
#2256=ORIENTED_EDGE('',*,*,#1585,.F.);
#2257=ORIENTED_EDGE('',*,*,#1560,.T.);
#2258=ORIENTED_EDGE('',*,*,#1554,.T.);
#2259=ORIENTED_EDGE('',*,*,#1578,.F.);
#2260=ORIENTED_EDGE('',*,*,#1558,.F.);
#2261=ORIENTED_EDGE('',*,*,#1568,.T.);
#2262=ORIENTED_EDGE('',*,*,#1586,.T.);
#2263=ORIENTED_EDGE('',*,*,#1570,.F.);
#2264=ORIENTED_EDGE('',*,*,#1587,.F.);
#2265=ORIENTED_EDGE('',*,*,#1561,.T.);
#2266=ORIENTED_EDGE('',*,*,#1585,.T.);
#2267=ORIENTED_EDGE('',*,*,#1577,.F.);
#2268=ORIENTED_EDGE('',*,*,#1586,.F.);
#2269=ORIENTED_EDGE('',*,*,#1567,.T.);
#2270=ORIENTED_EDGE('',*,*,#1588,.T.);
#2271=ORIENTED_EDGE('',*,*,#1571,.F.);
#2272=ORIENTED_EDGE('',*,*,#1589,.F.);
#2273=ORIENTED_EDGE('',*,*,#1562,.T.);
#2274=ORIENTED_EDGE('',*,*,#1587,.T.);
#2275=ORIENTED_EDGE('',*,*,#1576,.F.);
#2276=ORIENTED_EDGE('',*,*,#1588,.F.);
#2277=ORIENTED_EDGE('',*,*,#1566,.T.);
#2278=ORIENTED_EDGE('',*,*,#1590,.T.);
#2279=ORIENTED_EDGE('',*,*,#1572,.F.);
#2280=ORIENTED_EDGE('',*,*,#1591,.F.);
#2281=ORIENTED_EDGE('',*,*,#1563,.T.);
#2282=ORIENTED_EDGE('',*,*,#1589,.T.);
#2283=ORIENTED_EDGE('',*,*,#1575,.F.);
#2284=ORIENTED_EDGE('',*,*,#1590,.F.);
#2285=ORIENTED_EDGE('',*,*,#1565,.T.);
#2286=ORIENTED_EDGE('',*,*,#1592,.T.);
#2287=ORIENTED_EDGE('',*,*,#1573,.F.);
#2288=ORIENTED_EDGE('',*,*,#1592,.F.);
#2289=ORIENTED_EDGE('',*,*,#1564,.T.);
#2290=ORIENTED_EDGE('',*,*,#1591,.T.);
#2291=ORIENTED_EDGE('',*,*,#1574,.F.);
#2292=ORIENTED_EDGE('',*,*,#1569,.F.);
#2293=ORIENTED_EDGE('',*,*,#1593,.T.);
#2294=ORIENTED_EDGE('',*,*,#1594,.T.);
#2295=ORIENTED_EDGE('',*,*,#1593,.F.);
#2296=ORIENTED_EDGE('',*,*,#1595,.F.);
#2297=ORIENTED_EDGE('',*,*,#1579,.T.);
#2298=ORIENTED_EDGE('',*,*,#1596,.T.);
#2299=ORIENTED_EDGE('',*,*,#1597,.F.);
#2300=ORIENTED_EDGE('',*,*,#1596,.F.);
#2301=ORIENTED_EDGE('',*,*,#1584,.T.);
#2302=ORIENTED_EDGE('',*,*,#1598,.T.);
#2303=ORIENTED_EDGE('',*,*,#1599,.F.);
#2304=ORIENTED_EDGE('',*,*,#1598,.F.);
#2305=ORIENTED_EDGE('',*,*,#1583,.T.);
#2306=ORIENTED_EDGE('',*,*,#1600,.T.);
#2307=ORIENTED_EDGE('',*,*,#1601,.F.);
#2308=ORIENTED_EDGE('',*,*,#1600,.F.);
#2309=ORIENTED_EDGE('',*,*,#1582,.T.);
#2310=ORIENTED_EDGE('',*,*,#1602,.T.);
#2311=ORIENTED_EDGE('',*,*,#1603,.F.);
#2312=ORIENTED_EDGE('',*,*,#1602,.F.);
#2313=ORIENTED_EDGE('',*,*,#1581,.T.);
#2314=ORIENTED_EDGE('',*,*,#1604,.T.);
#2315=ORIENTED_EDGE('',*,*,#1605,.F.);
#2316=ORIENTED_EDGE('',*,*,#1604,.F.);
#2317=ORIENTED_EDGE('',*,*,#1580,.T.);
#2318=ORIENTED_EDGE('',*,*,#1595,.T.);
#2319=ORIENTED_EDGE('',*,*,#1606,.F.);
#2320=ORIENTED_EDGE('',*,*,#1597,.T.);
#2321=ORIENTED_EDGE('',*,*,#1599,.T.);
#2322=ORIENTED_EDGE('',*,*,#1601,.T.);
#2323=ORIENTED_EDGE('',*,*,#1603,.T.);
#2324=ORIENTED_EDGE('',*,*,#1605,.T.);
#2325=ORIENTED_EDGE('',*,*,#1606,.T.);
#2326=ORIENTED_EDGE('',*,*,#1594,.F.);
#2327=PLANE('',#2614);
#2328=PLANE('',#2615);
#2329=PLANE('',#2616);
#2330=PLANE('',#2617);
#2331=PLANE('',#2618);
#2332=PLANE('',#2619);
#2333=PLANE('',#2620);
#2334=PLANE('',#2621);
#2335=PLANE('',#2622);
#2336=PLANE('',#2623);
#2337=PLANE('',#2624);
#2338=PLANE('',#2625);
#2339=PLANE('',#2626);
#2340=PLANE('',#2627);
#2341=PLANE('',#2628);
#2342=PLANE('',#2630);
#2343=PLANE('',#2631);
#2344=PLANE('',#2632);
#2345=PLANE('',#2633);
#2346=PLANE('',#2636);
#2347=PLANE('',#2639);
#2348=PLANE('',#2640);
#2349=PLANE('',#2641);
#2350=PLANE('',#2642);
#2351=PLANE('',#2643);
#2352=PLANE('',#2644);
#2353=PLANE('',#2645);
#2354=PLANE('',#2646);
#2355=PLANE('',#2647);
#2356=PLANE('',#2648);
#2357=PLANE('',#2649);
#2358=PLANE('',#2650);
#2359=PLANE('',#2651);
#2360=PLANE('',#2653);
#2361=PLANE('',#2654);
#2362=PLANE('',#2657);
#2363=PLANE('',#2658);
#2364=PLANE('',#2660);
#2365=PLANE('',#2661);
#2366=PLANE('',#2662);
#2367=PLANE('',#2667);
#2368=PLANE('',#2668);
#2369=PLANE('',#2669);
#2370=PLANE('',#2670);
#2371=PLANE('',#2673);
#2372=PLANE('',#2698);
#2373=PLANE('',#2700);
#2374=PLANE('',#2701);
#2375=PLANE('',#2702);
#2376=PLANE('',#2703);
#2377=PLANE('',#2705);
#2378=PLANE('',#2707);
#2379=PLANE('',#2708);
#2380=PLANE('',#2709);
#2381=PLANE('',#2710);
#2382=PLANE('',#2712);
#2383=PLANE('',#2714);
#2384=PLANE('',#2715);
#2385=PLANE('',#2716);
#2386=PLANE('',#2717);
#2387=PLANE('',#2719);
#2388=PLANE('',#2721);
#2389=PLANE('',#2722);
#2390=PLANE('',#2723);
#2391=PLANE('',#2724);
#2392=PLANE('',#2728);
#2393=PLANE('',#2734);
#2394=PLANE('',#2735);
#2395=PLANE('',#2741);
#2396=PLANE('',#2746);
#2397=PLANE('',#2752);
#2398=PLANE('',#2753);
#2399=PLANE('',#2759);
#2400=PLANE('',#2764);
#2401=PLANE('',#2770);
#2402=PLANE('',#2771);
#2403=PLANE('',#2777);
#2404=PLANE('',#2780);
#2405=PLANE('',#2784);
#2406=PLANE('',#2787);
#2407=PLANE('',#2793);
#2408=PLANE('',#2799);
#2409=PLANE('',#2800);
#2410=PLANE('',#2801);
#2411=PLANE('',#2802);
#2412=PLANE('',#2804);
#2413=PLANE('',#2805);
#2414=PLANE('',#2806);
#2415=PLANE('',#2807);
#2416=PLANE('',#2808);
#2417=PLANE('',#2809);
#2418=PLANE('',#2810);
#2419=PLANE('',#2811);
#2420=PLANE('',#2812);
#2421=PLANE('',#2813);
#2422=PLANE('',#2816);
#2423=PLANE('',#2817);
#2424=PLANE('',#2818);
#2425=PLANE('',#2819);
#2426=PLANE('',#2820);
#2427=PLANE('',#2821);
#2428=PLANE('',#2822);
#2429=ADVANCED_FACE('',(#179),#2327,.F.);
#2430=ADVANCED_FACE('',(#180),#2328,.F.);
#2431=ADVANCED_FACE('',(#181),#2329,.F.);
#2432=ADVANCED_FACE('',(#182),#2330,.F.);
#2433=ADVANCED_FACE('',(#183,#163),#2331,.T.);
#2434=ADVANCED_FACE('',(#184),#2332,.F.);
#2435=ADVANCED_FACE('',(#185),#2333,.F.);
#2436=ADVANCED_FACE('',(#186),#2334,.F.);
#2437=ADVANCED_FACE('',(#187),#2335,.F.);
#2438=ADVANCED_FACE('',(#188),#2336,.F.);
#2439=ADVANCED_FACE('',(#189),#2337,.F.);
#2440=ADVANCED_FACE('',(#190),#2338,.F.);
#2441=ADVANCED_FACE('',(#191),#2339,.F.);
#2442=ADVANCED_FACE('',(#192),#2340,.F.);
#2443=ADVANCED_FACE('',(#193),#2341,.T.);
#2444=ADVANCED_FACE('',(#194),#2342,.F.);
#2445=ADVANCED_FACE('',(#195),#2343,.F.);
#2446=ADVANCED_FACE('',(#196),#2344,.F.);
#2447=ADVANCED_FACE('',(#197,#164,#165,#166),#2345,.F.);
#2448=ADVANCED_FACE('',(#198,#167,#168,#169),#2346,.T.);
#2449=ADVANCED_FACE('',(#199),#2347,.F.);
#2450=ADVANCED_FACE('',(#200),#2348,.F.);
#2451=ADVANCED_FACE('',(#201),#2349,.F.);
#2452=ADVANCED_FACE('',(#202),#2350,.F.);
#2453=ADVANCED_FACE('',(#203),#2351,.F.);
#2454=ADVANCED_FACE('',(#204),#2352,.F.);
#2455=ADVANCED_FACE('',(#205),#2353,.F.);
#2456=ADVANCED_FACE('',(#206),#2354,.F.);
#2457=ADVANCED_FACE('',(#207),#2355,.F.);
#2458=ADVANCED_FACE('',(#208),#2356,.F.);
#2459=ADVANCED_FACE('',(#209),#2357,.F.);
#2460=ADVANCED_FACE('',(#210),#2358,.F.);
#2461=ADVANCED_FACE('',(#211),#2359,.F.);
#2462=ADVANCED_FACE('',(#212),#51,.F.);
#2463=ADVANCED_FACE('',(#213),#2360,.F.);
#2464=ADVANCED_FACE('',(#214),#2361,.F.);
#2465=ADVANCED_FACE('',(#215),#52,.F.);
#2466=ADVANCED_FACE('',(#216),#2362,.F.);
#2467=ADVANCED_FACE('',(#217,#170),#2363,.T.);
#2468=ADVANCED_FACE('',(#218),#2364,.F.);
#2469=ADVANCED_FACE('',(#219),#2365,.F.);
#2470=ADVANCED_FACE('',(#220,#171,#172,#173,#174),#2366,.T.);
#2471=ADVANCED_FACE('',(#221),#2367,.F.);
#2472=ADVANCED_FACE('',(#222),#2368,.F.);
#2473=ADVANCED_FACE('',(#223),#2369,.T.);
#2474=ADVANCED_FACE('',(#224),#2370,.F.);
#2475=ADVANCED_FACE('',(#225),#53,.F.);
#2476=ADVANCED_FACE('',(#226,#175),#2371,.F.);
#2477=ADVANCED_FACE('',(#227),#54,.T.);
#2478=ADVANCED_FACE('',(#228),#55,.T.);
#2479=ADVANCED_FACE('',(#229),#56,.T.);
#2480=ADVANCED_FACE('',(#230),#57,.T.);
#2481=ADVANCED_FACE('',(#231),#2372,.T.);
#2482=ADVANCED_FACE('',(#232),#2373,.F.);
#2483=ADVANCED_FACE('',(#233),#2374,.T.);
#2484=ADVANCED_FACE('',(#234),#2375,.F.);
#2485=ADVANCED_FACE('',(#235),#2376,.T.);
#2486=ADVANCED_FACE('',(#236),#2377,.T.);
#2487=ADVANCED_FACE('',(#237),#2378,.F.);
#2488=ADVANCED_FACE('',(#238),#2379,.T.);
#2489=ADVANCED_FACE('',(#239),#2380,.F.);
#2490=ADVANCED_FACE('',(#240),#2381,.T.);
#2491=ADVANCED_FACE('',(#241),#2382,.T.);
#2492=ADVANCED_FACE('',(#242),#2383,.F.);
#2493=ADVANCED_FACE('',(#243),#2384,.T.);
#2494=ADVANCED_FACE('',(#244),#2385,.F.);
#2495=ADVANCED_FACE('',(#245),#2386,.T.);
#2496=ADVANCED_FACE('',(#246),#2387,.T.);
#2497=ADVANCED_FACE('',(#247),#2388,.F.);
#2498=ADVANCED_FACE('',(#248),#2389,.T.);
#2499=ADVANCED_FACE('',(#249),#2390,.F.);
#2500=ADVANCED_FACE('',(#250),#2391,.T.);
#2501=ADVANCED_FACE('',(#251),#58,.T.);
#2502=ADVANCED_FACE('',(#252),#2392,.T.);
#2503=ADVANCED_FACE('',(#253),#27,.T.);
#2504=ADVANCED_FACE('',(#254),#59,.T.);
#2505=ADVANCED_FACE('',(#255),#2393,.F.);
#2506=ADVANCED_FACE('',(#256),#2394,.T.);
#2507=ADVANCED_FACE('',(#257),#28,.T.);
#2508=ADVANCED_FACE('',(#258),#60,.T.);
#2509=ADVANCED_FACE('',(#259),#2395,.F.);
#2510=ADVANCED_FACE('',(#260),#61,.T.);
#2511=ADVANCED_FACE('',(#261),#62,.T.);
#2512=ADVANCED_FACE('',(#262),#2396,.T.);
#2513=ADVANCED_FACE('',(#263),#29,.T.);
#2514=ADVANCED_FACE('',(#264),#63,.T.);
#2515=ADVANCED_FACE('',(#265),#2397,.F.);
#2516=ADVANCED_FACE('',(#266),#2398,.T.);
#2517=ADVANCED_FACE('',(#267),#30,.T.);
#2518=ADVANCED_FACE('',(#268),#64,.T.);
#2519=ADVANCED_FACE('',(#269),#2399,.F.);
#2520=ADVANCED_FACE('',(#270),#65,.T.);
#2521=ADVANCED_FACE('',(#271),#66,.T.);
#2522=ADVANCED_FACE('',(#272),#2400,.T.);
#2523=ADVANCED_FACE('',(#273),#31,.T.);
#2524=ADVANCED_FACE('',(#274),#67,.T.);
#2525=ADVANCED_FACE('',(#275),#2401,.F.);
#2526=ADVANCED_FACE('',(#276),#2402,.T.);
#2527=ADVANCED_FACE('',(#277),#32,.T.);
#2528=ADVANCED_FACE('',(#278),#68,.T.);
#2529=ADVANCED_FACE('',(#279),#2403,.F.);
#2530=ADVANCED_FACE('',(#280),#69,.T.);
#2531=ADVANCED_FACE('',(#281),#2404,.T.);
#2532=ADVANCED_FACE('',(#282),#33,.T.);
#2533=ADVANCED_FACE('',(#283),#2405,.F.);
#2534=ADVANCED_FACE('',(#284),#2406,.T.);
#2535=ADVANCED_FACE('',(#285),#34,.T.);
#2536=ADVANCED_FACE('',(#286),#70,.T.);
#2537=ADVANCED_FACE('',(#287),#2407,.F.);
#2538=ADVANCED_FACE('',(#288),#71,.T.);
#2539=ADVANCED_FACE('',(#289),#72,.T.);
#2540=ADVANCED_FACE('',(#290),#73,.T.);
#2541=ADVANCED_FACE('',(#291),#2408,.F.);
#2542=ADVANCED_FACE('',(#292),#2409,.F.);
#2543=ADVANCED_FACE('',(#293),#2410,.F.);
#2544=ADVANCED_FACE('',(#294,#176),#2411,.F.);
#2545=ADVANCED_FACE('',(#295,#177),#2412,.T.);
#2546=ADVANCED_FACE('',(#296),#2413,.F.);
#2547=ADVANCED_FACE('',(#297),#2414,.F.);
#2548=ADVANCED_FACE('',(#298),#2415,.F.);
#2549=ADVANCED_FACE('',(#299),#2416,.F.);
#2550=ADVANCED_FACE('',(#300),#2417,.F.);
#2551=ADVANCED_FACE('',(#301),#2418,.F.);
#2552=ADVANCED_FACE('',(#302),#2419,.F.);
#2553=ADVANCED_FACE('',(#303),#2420,.F.);
#2554=ADVANCED_FACE('',(#304),#2421,.F.);
#2555=ADVANCED_FACE('',(#305),#74,.F.);
#2556=ADVANCED_FACE('',(#306),#2422,.F.);
#2557=ADVANCED_FACE('',(#307),#2423,.F.);
#2558=ADVANCED_FACE('',(#308),#2424,.F.);
#2559=ADVANCED_FACE('',(#309),#2425,.F.);
#2560=ADVANCED_FACE('',(#310),#2426,.F.);
#2561=ADVANCED_FACE('',(#311),#2427,.F.);
#2562=ADVANCED_FACE('',(#312,#178),#2428,.T.);
#2563=CLOSED_SHELL('',(#2429,#2430,#2431,#2432,#2433,#2434,#2435,#2436,
#2437,#2438,#2439,#2440,#2441,#2442,#2443));
#2564=CLOSED_SHELL('',(#2444,#2445,#2446,#2447,#2448,#2449,#2450,#2451,
#2452,#2453,#2454,#2455,#2456,#2457,#2458,#2459,#2460,#2461,#2462,#2463,
#2464,#2465));
#2565=CLOSED_SHELL('',(#2466,#2467,#2468,#2469,#2470,#2471,#2472,#2473,
#2474,#2475,#2476,#2477,#2478,#2479,#2480,#2481,#2482,#2483,#2484,#2485,
#2486,#2487,#2488,#2489,#2490,#2491,#2492,#2493,#2494,#2495,#2496,#2497,
#2498,#2499,#2500,#2501,#2502,#2503,#2504,#2505,#2506,#2507,#2508,#2509,
#2510,#2511,#2512,#2513,#2514,#2515,#2516,#2517,#2518,#2519,#2520,#2521,
#2522,#2523,#2524,#2525,#2526,#2527,#2528,#2529,#2530,#2531,#2532,#2533,
#2534,#2535,#2536,#2537,#2538,#2539,#2540));
#2566=CLOSED_SHELL('',(#2541,#2542,#2543,#2544,#2545,#2546,#2547,#2548,
#2549,#2550,#2551,#2552,#2553,#2554,#2555,#2556,#2557,#2558,#2559,#2560,
#2561,#2562));
#2567=DERIVED_UNIT_ELEMENT(#2575,1.);
#2568=DERIVED_UNIT_ELEMENT(#4621,-3.);
#2569=DERIVED_UNIT_ELEMENT(#2575,1.);
#2570=DERIVED_UNIT_ELEMENT(#4621,-3.);
#2571=DERIVED_UNIT_ELEMENT(#2575,1.);
#2572=DERIVED_UNIT_ELEMENT(#4621,-3.);
#2573=DERIVED_UNIT_ELEMENT(#2575,1.);
#2574=DERIVED_UNIT_ELEMENT(#4621,-3.);
#2575=(
MASS_UNIT()
NAMED_UNIT(*)
SI_UNIT(.KILO.,.GRAM.)
);
#2576=DERIVED_UNIT((#2567,#2568));
#2577=DERIVED_UNIT((#2569,#2570));
#2578=DERIVED_UNIT((#2571,#2572));
#2579=DERIVED_UNIT((#2573,#2574));
#2580=MEASURE_REPRESENTATION_ITEM('density measure',
POSITIVE_RATIO_MEASURE(7850.),#2576);
#2581=MEASURE_REPRESENTATION_ITEM('density measure',
POSITIVE_RATIO_MEASURE(7850.),#2577);
#2582=MEASURE_REPRESENTATION_ITEM('density measure',
POSITIVE_RATIO_MEASURE(7850.),#2578);
#2583=MEASURE_REPRESENTATION_ITEM('density measure',
POSITIVE_RATIO_MEASURE(7850.),#2579);
#2584=PROPERTY_DEFINITION_REPRESENTATION(#2604,#2592);
#2585=PROPERTY_DEFINITION_REPRESENTATION(#2605,#2593);
#2586=PROPERTY_DEFINITION_REPRESENTATION(#2606,#2594);
#2587=PROPERTY_DEFINITION_REPRESENTATION(#2607,#2595);
#2588=PROPERTY_DEFINITION_REPRESENTATION(#2608,#2596);
#2589=PROPERTY_DEFINITION_REPRESENTATION(#2609,#2597);
#2590=PROPERTY_DEFINITION_REPRESENTATION(#2610,#2598);
#2591=PROPERTY_DEFINITION_REPRESENTATION(#2611,#2599);
#2592=REPRESENTATION('material name',(#2600),#4615);
#2593=REPRESENTATION('density',(#2580),#4615);
#2594=REPRESENTATION('material name',(#2601),#4616);
#2595=REPRESENTATION('density',(#2581),#4616);
#2596=REPRESENTATION('material name',(#2602),#4617);
#2597=REPRESENTATION('density',(#2582),#4617);
#2598=REPRESENTATION('material name',(#2603),#4618);
#2599=REPRESENTATION('density',(#2583),#4618);
#2600=DESCRIPTIVE_REPRESENTATION_ITEM('Stal','Stal');
#2601=DESCRIPTIVE_REPRESENTATION_ITEM('Stal','Stal');
#2602=DESCRIPTIVE_REPRESENTATION_ITEM('Stal','Stal');
#2603=DESCRIPTIVE_REPRESENTATION_ITEM('Stal','Stal');
#2604=PROPERTY_DEFINITION('material property','material name',#4645);
#2605=PROPERTY_DEFINITION('material property','density of part',#4645);
#2606=PROPERTY_DEFINITION('material property','material name',#4646);
#2607=PROPERTY_DEFINITION('material property','density of part',#4646);
#2608=PROPERTY_DEFINITION('material property','material name',#4647);
#2609=PROPERTY_DEFINITION('material property','density of part',#4647);
#2610=PROPERTY_DEFINITION('material property','material name',#4648);
#2611=PROPERTY_DEFINITION('material property','density of part',#4648);
#2612=AXIS2_PLACEMENT_3D('',#3529,#2827,#2828);
#2613=AXIS2_PLACEMENT_3D('',#3530,#2829,#2830);
#2614=AXIS2_PLACEMENT_3D('',#3531,#2831,#2832);
#2615=AXIS2_PLACEMENT_3D('',#3540,#2837,#2838);
#2616=AXIS2_PLACEMENT_3D('',#3546,#2842,#2843);
#2617=AXIS2_PLACEMENT_3D('',#3552,#2847,#2848);
#2618=AXIS2_PLACEMENT_3D('',#3554,#2850,#2851);
#2619=AXIS2_PLACEMENT_3D('',#3572,#2861,#2862);
#2620=AXIS2_PLACEMENT_3D('',#3578,#2866,#2867);
#2621=AXIS2_PLACEMENT_3D('',#3582,#2870,#2871);
#2622=AXIS2_PLACEMENT_3D('',#3586,#2874,#2875);
#2623=AXIS2_PLACEMENT_3D('',#3588,#2877,#2878);
#2624=AXIS2_PLACEMENT_3D('',#3589,#2879,#2880);
#2625=AXIS2_PLACEMENT_3D('',#3595,#2884,#2885);
#2626=AXIS2_PLACEMENT_3D('',#3599,#2888,#2889);
#2627=AXIS2_PLACEMENT_3D('',#3603,#2892,#2893);
#2628=AXIS2_PLACEMENT_3D('',#3605,#2895,#2896);
#2629=AXIS2_PLACEMENT_3D('',#3606,#2897,#2898);
#2630=AXIS2_PLACEMENT_3D('',#3607,#2899,#2900);
#2631=AXIS2_PLACEMENT_3D('',#3616,#2905,#2906);
#2632=AXIS2_PLACEMENT_3D('',#3622,#2910,#2911);
#2633=AXIS2_PLACEMENT_3D('',#3628,#2915,#2916);
#2634=AXIS2_PLACEMENT_3D('',#3656,#2930,#2931);
#2635=AXIS2_PLACEMENT_3D('',#3660,#2933,#2934);
#2636=AXIS2_PLACEMENT_3D('',#3662,#2936,#2937);
#2637=AXIS2_PLACEMENT_3D('',#3690,#2951,#2952);
#2638=AXIS2_PLACEMENT_3D('',#3694,#2954,#2955);
#2639=AXIS2_PLACEMENT_3D('',#3696,#2957,#2958);
#2640=AXIS2_PLACEMENT_3D('',#3698,#2960,#2961);
#2641=AXIS2_PLACEMENT_3D('',#3700,#2963,#2964);
#2642=AXIS2_PLACEMENT_3D('',#3702,#2966,#2967);
#2643=AXIS2_PLACEMENT_3D('',#3704,#2969,#2970);
#2644=AXIS2_PLACEMENT_3D('',#3705,#2971,#2972);
#2645=AXIS2_PLACEMENT_3D('',#3708,#2975,#2976);
#2646=AXIS2_PLACEMENT_3D('',#3710,#2978,#2979);
#2647=AXIS2_PLACEMENT_3D('',#3712,#2981,#2982);
#2648=AXIS2_PLACEMENT_3D('',#3713,#2983,#2984);
#2649=AXIS2_PLACEMENT_3D('',#3716,#2987,#2988);
#2650=AXIS2_PLACEMENT_3D('',#3718,#2990,#2991);
#2651=AXIS2_PLACEMENT_3D('',#3720,#2993,#2994);
#2652=AXIS2_PLACEMENT_3D('',#3721,#2995,#2996);
#2653=AXIS2_PLACEMENT_3D('',#3724,#2999,#3000);
#2654=AXIS2_PLACEMENT_3D('',#3726,#3002,#3003);
#2655=AXIS2_PLACEMENT_3D('',#3728,#3005,#3006);
#2656=AXIS2_PLACEMENT_3D('',#3729,#3007,#3008);
#2657=AXIS2_PLACEMENT_3D('',#3730,#3009,#3010);
#2658=AXIS2_PLACEMENT_3D('',#3739,#3015,#3016);
#2659=AXIS2_PLACEMENT_3D('',#3754,#3024,#3025);
#2660=AXIS2_PLACEMENT_3D('',#3755,#3026,#3027);
#2661=AXIS2_PLACEMENT_3D('',#3761,#3031,#3032);
#2662=AXIS2_PLACEMENT_3D('',#3763,#3034,#3035);
#2663=AXIS2_PLACEMENT_3D('',#3771,#3040,#3041);
#2664=AXIS2_PLACEMENT_3D('',#3773,#3042,#3043);
#2665=AXIS2_PLACEMENT_3D('',#3775,#3044,#3045);
#2666=AXIS2_PLACEMENT_3D('',#3777,#3046,#3047);
#2667=AXIS2_PLACEMENT_3D('',#3778,#3048,#3049);
#2668=AXIS2_PLACEMENT_3D('',#3779,#3050,#3051);
#2669=AXIS2_PLACEMENT_3D('',#3783,#3054,#3055);
#2670=AXIS2_PLACEMENT_3D('',#3787,#3058,#3059);
#2671=AXIS2_PLACEMENT_3D('',#3789,#3061,#3062);
#2672=AXIS2_PLACEMENT_3D('',#3791,#3063,#3064);
#2673=AXIS2_PLACEMENT_3D('',#3793,#3066,#3067);
#2674=AXIS2_PLACEMENT_3D('',#3794,#3068,#3069);
#2675=AXIS2_PLACEMENT_3D('',#3798,#3071,#3072);
#2676=AXIS2_PLACEMENT_3D('',#3802,#3074,#3075);
#2677=AXIS2_PLACEMENT_3D('',#3806,#3077,#3078);
#2678=AXIS2_PLACEMENT_3D('',#3810,#3080,#3081);
#2679=AXIS2_PLACEMENT_3D('',#3813,#3083,#3084);
#2680=AXIS2_PLACEMENT_3D('',#3814,#3085,#3086);
#2681=AXIS2_PLACEMENT_3D('',#3818,#3088,#3089);
#2682=AXIS2_PLACEMENT_3D('',#3822,#3091,#3092);
#2683=AXIS2_PLACEMENT_3D('',#3826,#3094,#3095);
#2684=AXIS2_PLACEMENT_3D('',#3830,#3097,#3098);
#2685=AXIS2_PLACEMENT_3D('',#3833,#3100,#3101);
#2686=AXIS2_PLACEMENT_3D('',#3834,#3102,#3103);
#2687=AXIS2_PLACEMENT_3D('',#3838,#3105,#3106);
#2688=AXIS2_PLACEMENT_3D('',#3842,#3108,#3109);
#2689=AXIS2_PLACEMENT_3D('',#3846,#3111,#3112);
#2690=AXIS2_PLACEMENT_3D('',#3850,#3114,#3115);
#2691=AXIS2_PLACEMENT_3D('',#3853,#3117,#3118);
#2692=AXIS2_PLACEMENT_3D('',#3854,#3119,#3120);
#2693=AXIS2_PLACEMENT_3D('',#3858,#3122,#3123);
#2694=AXIS2_PLACEMENT_3D('',#3862,#3125,#3126);
#2695=AXIS2_PLACEMENT_3D('',#3866,#3128,#3129);
#2696=AXIS2_PLACEMENT_3D('',#3870,#3131,#3132);
#2697=AXIS2_PLACEMENT_3D('',#3873,#3134,#3135);
#2698=AXIS2_PLACEMENT_3D('',#3874,#3136,#3137);
#2699=AXIS2_PLACEMENT_3D('',#3878,#3139,#3140);
#2700=AXIS2_PLACEMENT_3D('',#3880,#3142,#3143);
#2701=AXIS2_PLACEMENT_3D('',#3941,#3152,#3153);
#2702=AXIS2_PLACEMENT_3D('',#3943,#3155,#3156);
#2703=AXIS2_PLACEMENT_3D('',#4007,#3166,#3167);
#2704=AXIS2_PLACEMENT_3D('',#4008,#3168,#3169);
#2705=AXIS2_PLACEMENT_3D('',#4009,#3170,#3171);
#2706=AXIS2_PLACEMENT_3D('',#4013,#3173,#3174);
#2707=AXIS2_PLACEMENT_3D('',#4015,#3176,#3177);
#2708=AXIS2_PLACEMENT_3D('',#4076,#3186,#3187);
#2709=AXIS2_PLACEMENT_3D('',#4078,#3189,#3190);
#2710=AXIS2_PLACEMENT_3D('',#4142,#3200,#3201);
#2711=AXIS2_PLACEMENT_3D('',#4143,#3202,#3203);
#2712=AXIS2_PLACEMENT_3D('',#4144,#3204,#3205);
#2713=AXIS2_PLACEMENT_3D('',#4148,#3207,#3208);
#2714=AXIS2_PLACEMENT_3D('',#4150,#3210,#3211);
#2715=AXIS2_PLACEMENT_3D('',#4211,#3220,#3221);
#2716=AXIS2_PLACEMENT_3D('',#4213,#3223,#3224);
#2717=AXIS2_PLACEMENT_3D('',#4277,#3234,#3235);
#2718=AXIS2_PLACEMENT_3D('',#4278,#3236,#3237);
#2719=AXIS2_PLACEMENT_3D('',#4279,#3238,#3239);
#2720=AXIS2_PLACEMENT_3D('',#4283,#3241,#3242);
#2721=AXIS2_PLACEMENT_3D('',#4285,#3244,#3245);
#2722=AXIS2_PLACEMENT_3D('',#4346,#3254,#3255);
#2723=AXIS2_PLACEMENT_3D('',#4348,#3257,#3258);
#2724=AXIS2_PLACEMENT_3D('',#4412,#3268,#3269);
#2725=AXIS2_PLACEMENT_3D('',#4413,#3270,#3271);
#2726=AXIS2_PLACEMENT_3D('',#4414,#3272,#3273);
#2727=AXIS2_PLACEMENT_3D('',#4415,#3274,#3275);
#2728=AXIS2_PLACEMENT_3D('',#4416,#3276,#3277);
#2729=AXIS2_PLACEMENT_3D('',#4417,#3278,#3279);
#2730=AXIS2_PLACEMENT_3D('',#4418,#3280,#3281);
#2731=AXIS2_PLACEMENT_3D('',#4419,#3282,#3283);
#2732=AXIS2_PLACEMENT_3D('',#4420,#3284,#3285);
#2733=AXIS2_PLACEMENT_3D('',#4421,#3286,#3287);
#2734=AXIS2_PLACEMENT_3D('',#4422,#3288,#3289);
#2735=AXIS2_PLACEMENT_3D('',#4423,#3290,#3291);
#2736=AXIS2_PLACEMENT_3D('',#4424,#3292,#3293);
#2737=AXIS2_PLACEMENT_3D('',#4425,#3294,#3295);
#2738=AXIS2_PLACEMENT_3D('',#4426,#3296,#3297);
#2739=AXIS2_PLACEMENT_3D('',#4427,#3298,#3299);
#2740=AXIS2_PLACEMENT_3D('',#4428,#3300,#3301);
#2741=AXIS2_PLACEMENT_3D('',#4429,#3302,#3303);
#2742=AXIS2_PLACEMENT_3D('',#4430,#3304,#3305);
#2743=AXIS2_PLACEMENT_3D('',#4431,#3306,#3307);
#2744=AXIS2_PLACEMENT_3D('',#4432,#3308,#3309);
#2745=AXIS2_PLACEMENT_3D('',#4433,#3310,#3311);
#2746=AXIS2_PLACEMENT_3D('',#4434,#3312,#3313);
#2747=AXIS2_PLACEMENT_3D('',#4435,#3314,#3315);
#2748=AXIS2_PLACEMENT_3D('',#4436,#3316,#3317);
#2749=AXIS2_PLACEMENT_3D('',#4437,#3318,#3319);
#2750=AXIS2_PLACEMENT_3D('',#4438,#3320,#3321);
#2751=AXIS2_PLACEMENT_3D('',#4439,#3322,#3323);
#2752=AXIS2_PLACEMENT_3D('',#4440,#3324,#3325);
#2753=AXIS2_PLACEMENT_3D('',#4441,#3326,#3327);
#2754=AXIS2_PLACEMENT_3D('',#4442,#3328,#3329);
#2755=AXIS2_PLACEMENT_3D('',#4443,#3330,#3331);
#2756=AXIS2_PLACEMENT_3D('',#4444,#3332,#3333);
#2757=AXIS2_PLACEMENT_3D('',#4445,#3334,#3335);
#2758=AXIS2_PLACEMENT_3D('',#4446,#3336,#3337);
#2759=AXIS2_PLACEMENT_3D('',#4447,#3338,#3339);
#2760=AXIS2_PLACEMENT_3D('',#4448,#3340,#3341);
#2761=AXIS2_PLACEMENT_3D('',#4449,#3342,#3343);
#2762=AXIS2_PLACEMENT_3D('',#4450,#3344,#3345);
#2763=AXIS2_PLACEMENT_3D('',#4451,#3346,#3347);
#2764=AXIS2_PLACEMENT_3D('',#4452,#3348,#3349);
#2765=AXIS2_PLACEMENT_3D('',#4453,#3350,#3351);
#2766=AXIS2_PLACEMENT_3D('',#4454,#3352,#3353);
#2767=AXIS2_PLACEMENT_3D('',#4455,#3354,#3355);
#2768=AXIS2_PLACEMENT_3D('',#4456,#3356,#3357);
#2769=AXIS2_PLACEMENT_3D('',#4457,#3358,#3359);
#2770=AXIS2_PLACEMENT_3D('',#4458,#3360,#3361);
#2771=AXIS2_PLACEMENT_3D('',#4459,#3362,#3363);
#2772=AXIS2_PLACEMENT_3D('',#4460,#3364,#3365);
#2773=AXIS2_PLACEMENT_3D('',#4461,#3366,#3367);
#2774=AXIS2_PLACEMENT_3D('',#4462,#3368,#3369);
#2775=AXIS2_PLACEMENT_3D('',#4463,#3370,#3371);
#2776=AXIS2_PLACEMENT_3D('',#4464,#3372,#3373);
#2777=AXIS2_PLACEMENT_3D('',#4465,#3374,#3375);
#2778=AXIS2_PLACEMENT_3D('',#4466,#3376,#3377);
#2779=AXIS2_PLACEMENT_3D('',#4467,#3378,#3379);
#2780=AXIS2_PLACEMENT_3D('',#4468,#3380,#3381);
#2781=AXIS2_PLACEMENT_3D('',#4469,#3382,#3383);
#2782=AXIS2_PLACEMENT_3D('',#4470,#3384,#3385);
#2783=AXIS2_PLACEMENT_3D('',#4471,#3386,#3387);
#2784=AXIS2_PLACEMENT_3D('',#4472,#3388,#3389);
#2785=AXIS2_PLACEMENT_3D('',#4473,#3390,#3391);
#2786=AXIS2_PLACEMENT_3D('',#4474,#3392,#3393);
#2787=AXIS2_PLACEMENT_3D('',#4475,#3394,#3395);
#2788=AXIS2_PLACEMENT_3D('',#4476,#3396,#3397);
#2789=AXIS2_PLACEMENT_3D('',#4477,#3398,#3399);
#2790=AXIS2_PLACEMENT_3D('',#4478,#3400,#3401);
#2791=AXIS2_PLACEMENT_3D('',#4479,#3402,#3403);
#2792=AXIS2_PLACEMENT_3D('',#4480,#3404,#3405);
#2793=AXIS2_PLACEMENT_3D('',#4481,#3406,#3407);
#2794=AXIS2_PLACEMENT_3D('',#4482,#3408,#3409);
#2795=AXIS2_PLACEMENT_3D('',#4483,#3410,#3411);
#2796=AXIS2_PLACEMENT_3D('',#4484,#3412,#3413);
#2797=AXIS2_PLACEMENT_3D('',#4485,#3414,#3415);
#2798=AXIS2_PLACEMENT_3D('',#4486,#3416,#3417);
#2799=AXIS2_PLACEMENT_3D('',#4487,#3418,#3419);
#2800=AXIS2_PLACEMENT_3D('',#4496,#3424,#3425);
#2801=AXIS2_PLACEMENT_3D('',#4502,#3429,#3430);
#2802=AXIS2_PLACEMENT_3D('',#4508,#3434,#3435);
#2803=AXIS2_PLACEMENT_3D('',#4527,#3445,#3446);
#2804=AXIS2_PLACEMENT_3D('',#4528,#3447,#3448);
#2805=AXIS2_PLACEMENT_3D('',#4558,#3464,#3465);
#2806=AXIS2_PLACEMENT_3D('',#4560,#3467,#3468);
#2807=AXIS2_PLACEMENT_3D('',#4562,#3470,#3471);
#2808=AXIS2_PLACEMENT_3D('',#4564,#3473,#3474);
#2809=AXIS2_PLACEMENT_3D('',#4566,#3476,#3477);
#2810=AXIS2_PLACEMENT_3D('',#4568,#3479,#3480);
#2811=AXIS2_PLACEMENT_3D('',#4570,#3482,#3483);
#2812=AXIS2_PLACEMENT_3D('',#4572,#3485,#3486);
#2813=AXIS2_PLACEMENT_3D('',#4574,#3488,#3489);
#2814=AXIS2_PLACEMENT_3D('',#4575,#3490,#3491);
#2815=AXIS2_PLACEMENT_3D('',#4578,#3493,#3494);
#2816=AXIS2_PLACEMENT_3D('',#4579,#3495,#3496);
#2817=AXIS2_PLACEMENT_3D('',#4585,#3500,#3501);
#2818=AXIS2_PLACEMENT_3D('',#4589,#3504,#3505);
#2819=AXIS2_PLACEMENT_3D('',#4593,#3508,#3509);
#2820=AXIS2_PLACEMENT_3D('',#4597,#3512,#3513);
#2821=AXIS2_PLACEMENT_3D('',#4601,#3516,#3517);
#2822=AXIS2_PLACEMENT_3D('',#4603,#3519,#3520);
#2823=AXIS2_PLACEMENT_3D('',#4604,#3521,#3522);
#2824=AXIS2_PLACEMENT_3D('',#4605,#3523,#3524);
#2825=AXIS2_PLACEMENT_3D('',#4606,#3525,#3526);
#2826=AXIS2_PLACEMENT_3D('',#4607,#3527,#3528);
#2827=DIRECTION('axis',(0.,0.,1.));
#2828=DIRECTION('refdir',(1.,0.,0.));
#2829=DIRECTION('axis',(0.,0.,1.));
#2830=DIRECTION('refdir',(1.,0.,0.));
#2831=DIRECTION('center_axis',(1.,0.,0.));
#2832=DIRECTION('ref_axis',(0.,-1.,0.));
#2833=DIRECTION('',(0.,-1.,0.));
#2834=DIRECTION('',(0.,0.,-1.));
#2835=DIRECTION('',(0.,-1.,0.));
#2836=DIRECTION('',(0.,0.,-1.));
#2837=DIRECTION('center_axis',(0.,1.,0.));
#2838=DIRECTION('ref_axis',(1.,0.,0.));
#2839=DIRECTION('',(1.,0.,0.));
#2840=DIRECTION('',(0.,0.,-1.));
#2841=DIRECTION('',(1.,0.,0.));
#2842=DIRECTION('center_axis',(-1.,0.,0.));
#2843=DIRECTION('ref_axis',(0.,1.,0.));
#2844=DIRECTION('',(0.,1.,0.));
#2845=DIRECTION('',(0.,0.,1.));
#2846=DIRECTION('',(0.,1.,0.));
#2847=DIRECTION('center_axis',(0.,0.,-1.));
#2848=DIRECTION('ref_axis',(-1.,0.,0.));
#2849=DIRECTION('',(-1.,0.,0.));
#2850=DIRECTION('center_axis',(0.,0.,1.));
#2851=DIRECTION('ref_axis',(1.,0.,0.));
#2852=DIRECTION('',(1.,0.,0.));
#2853=DIRECTION('',(0.,1.,0.));
#2854=DIRECTION('',(-1.,0.,0.));
#2855=DIRECTION('',(0.,-1.,0.));
#2856=DIRECTION('',(1.,0.,0.));
#2857=DIRECTION('',(1.,0.,0.));
#2858=DIRECTION('',(0.,-1.,0.));
#2859=DIRECTION('',(-1.,0.,0.));
#2860=DIRECTION('',(0.,1.,0.));
#2861=DIRECTION('center_axis',(0.,1.,0.));
#2862=DIRECTION('ref_axis',(1.,0.,0.));
#2863=DIRECTION('',(0.,0.,1.));
#2864=DIRECTION('',(1.,0.,0.));
#2865=DIRECTION('',(0.,0.,1.));
#2866=DIRECTION('center_axis',(1.,0.,0.));
#2867=DIRECTION('ref_axis',(0.,-1.,0.));
#2868=DIRECTION('',(0.,0.,1.));
#2869=DIRECTION('',(0.,-1.,0.));
#2870=DIRECTION('center_axis',(-1.,0.,0.));
#2871=DIRECTION('ref_axis',(0.,1.,0.));
#2872=DIRECTION('',(0.,1.,0.));
#2873=DIRECTION('',(0.,0.,1.));
#2874=DIRECTION('center_axis',(0.,0.,1.));
#2875=DIRECTION('ref_axis',(1.,0.,0.));
#2876=DIRECTION('',(-1.,0.,0.));
#2877=DIRECTION('center_axis',(0.,-1.,0.));
#2878=DIRECTION('ref_axis',(-1.,0.,0.));
#2879=DIRECTION('center_axis',(0.,-1.,0.));
#2880=DIRECTION('ref_axis',(1.,0.,0.));
#2881=DIRECTION('',(0.,0.,-1.));
#2882=DIRECTION('',(0.,0.,-1.));
#2883=DIRECTION('',(1.,0.,0.));
#2884=DIRECTION('center_axis',(-1.,0.,0.));
#2885=DIRECTION('ref_axis',(0.,-1.,0.));
#2886=DIRECTION('',(0.,0.,-1.));
#2887=DIRECTION('',(0.,-1.,0.));
#2888=DIRECTION('center_axis',(1.,0.,0.));
#2889=DIRECTION('ref_axis',(0.,1.,0.));
#2890=DIRECTION('',(0.,0.,-1.));
#2891=DIRECTION('',(0.,1.,0.));
#2892=DIRECTION('center_axis',(0.,1.,0.));
#2893=DIRECTION('ref_axis',(-1.,0.,0.));
#2894=DIRECTION('',(-1.,0.,0.));
#2895=DIRECTION('center_axis',(0.,0.,1.));
#2896=DIRECTION('ref_axis',(1.,0.,0.));
#2897=DIRECTION('axis',(0.,0.,1.));
#2898=DIRECTION('refdir',(1.,0.,0.));
#2899=DIRECTION('center_axis',(0.,1.,0.));
#2900=DIRECTION('ref_axis',(1.,0.,0.));
#2901=DIRECTION('',(0.,0.,1.));
#2902=DIRECTION('',(1.,0.,0.));
#2903=DIRECTION('',(0.,0.,1.));
#2904=DIRECTION('',(1.,0.,0.));
#2905=DIRECTION('center_axis',(1.,0.,0.));
#2906=DIRECTION('ref_axis',(0.,-1.,0.));
#2907=DIRECTION('',(0.,0.,1.));
#2908=DIRECTION('',(0.,-1.,0.));
#2909=DIRECTION('',(0.,-1.,0.));
#2910=DIRECTION('center_axis',(-1.,0.,0.));
#2911=DIRECTION('ref_axis',(0.,1.,0.));
#2912=DIRECTION('',(0.,1.,0.));
#2913=DIRECTION('',(0.,0.,1.));
#2914=DIRECTION('',(0.,1.,0.));
#2915=DIRECTION('center_axis',(0.,0.,1.));
#2916=DIRECTION('ref_axis',(1.,0.,0.));
#2917=DIRECTION('',(1.,0.,0.));
#2918=DIRECTION('',(0.,-1.,0.));
#2919=DIRECTION('',(-1.,0.,0.));
#2920=DIRECTION('',(0.,1.,0.));
#2921=DIRECTION('',(1.,0.,0.));
#2922=DIRECTION('',(1.,0.,0.));
#2923=DIRECTION('',(0.,1.,0.));
#2924=DIRECTION('',(-1.,0.,0.));
#2925=DIRECTION('',(0.,-1.,0.));
#2926=DIRECTION('',(1.,0.,0.));
#2927=DIRECTION('',(0.,1.,0.));
#2928=DIRECTION('',(-1.,0.,0.));
#2929=DIRECTION('',(0.,-1.,0.));
#2930=DIRECTION('center_axis',(0.,0.,1.));
#2931=DIRECTION('ref_axis',(1.,0.,0.));
#2932=DIRECTION('',(0.,1.,0.));
#2933=DIRECTION('center_axis',(0.,0.,1.));
#2934=DIRECTION('ref_axis',(1.,0.,0.));
#2935=DIRECTION('',(0.,-1.,0.));
#2936=DIRECTION('center_axis',(0.,0.,1.));
#2937=DIRECTION('ref_axis',(1.,0.,0.));
#2938=DIRECTION('',(1.,0.,0.));
#2939=DIRECTION('',(0.,1.,0.));
#2940=DIRECTION('',(-1.,0.,0.));
#2941=DIRECTION('',(0.,-1.,0.));
#2942=DIRECTION('',(1.,0.,0.));
#2943=DIRECTION('',(1.,0.,0.));
#2944=DIRECTION('',(0.,-1.,0.));
#2945=DIRECTION('',(-1.,0.,0.));
#2946=DIRECTION('',(0.,1.,0.));
#2947=DIRECTION('',(1.,0.,0.));
#2948=DIRECTION('',(0.,-1.,0.));
#2949=DIRECTION('',(-1.,0.,0.));
#2950=DIRECTION('',(0.,1.,0.));
#2951=DIRECTION('center_axis',(0.,0.,1.));
#2952=DIRECTION('ref_axis',(1.,0.,0.));
#2953=DIRECTION('',(0.,-1.,0.));
#2954=DIRECTION('center_axis',(0.,0.,1.));
#2955=DIRECTION('ref_axis',(1.,0.,0.));
#2956=DIRECTION('',(0.,1.,0.));
#2957=DIRECTION('center_axis',(0.,1.,0.));
#2958=DIRECTION('ref_axis',(1.,0.,0.));
#2959=DIRECTION('',(0.,0.,1.));
#2960=DIRECTION('center_axis',(0.,1.,0.));
#2961=DIRECTION('ref_axis',(1.,0.,0.));
#2962=DIRECTION('',(0.,0.,1.));
#2963=DIRECTION('center_axis',(1.,0.,0.));
#2964=DIRECTION('ref_axis',(0.,-1.,0.));
#2965=DIRECTION('',(0.,0.,1.));
#2966=DIRECTION('center_axis',(-1.,0.,0.));
#2967=DIRECTION('ref_axis',(0.,1.,0.));
#2968=DIRECTION('',(0.,0.,1.));
#2969=DIRECTION('center_axis',(0.,-1.,0.));
#2970=DIRECTION('ref_axis',(-1.,0.,0.));
#2971=DIRECTION('center_axis',(0.,-1.,0.));
#2972=DIRECTION('ref_axis',(1.,0.,0.));
#2973=DIRECTION('',(0.,0.,-1.));
#2974=DIRECTION('',(0.,0.,-1.));
#2975=DIRECTION('center_axis',(-1.,0.,0.));
#2976=DIRECTION('ref_axis',(0.,-1.,0.));
#2977=DIRECTION('',(0.,0.,-1.));
#2978=DIRECTION('center_axis',(1.,0.,0.));
#2979=DIRECTION('ref_axis',(0.,1.,0.));
#2980=DIRECTION('',(0.,0.,-1.));
#2981=DIRECTION('center_axis',(0.,1.,0.));
#2982=DIRECTION('ref_axis',(-1.,0.,0.));
#2983=DIRECTION('center_axis',(0.,-1.,0.));
#2984=DIRECTION('ref_axis',(1.,0.,0.));
#2985=DIRECTION('',(0.,0.,-1.));
#2986=DIRECTION('',(0.,0.,-1.));
#2987=DIRECTION('center_axis',(1.,0.,0.));
#2988=DIRECTION('ref_axis',(0.,1.,0.));
#2989=DIRECTION('',(0.,0.,-1.));
#2990=DIRECTION('center_axis',(0.,1.,0.));
#2991=DIRECTION('ref_axis',(-1.,0.,0.));
#2992=DIRECTION('',(0.,0.,-1.));
#2993=DIRECTION('center_axis',(-1.,0.,0.));
#2994=DIRECTION('ref_axis',(0.,-1.,0.));
#2995=DIRECTION('center_axis',(0.,0.,1.));
#2996=DIRECTION('ref_axis',(1.,0.,0.));
#2997=DIRECTION('',(0.,0.,-1.));
#2998=DIRECTION('',(0.,0.,-1.));
#2999=DIRECTION('center_axis',(-1.,0.,0.));
#3000=DIRECTION('ref_axis',(0.,-1.,0.));
#3001=DIRECTION('',(0.,0.,-1.));
#3002=DIRECTION('center_axis',(1.,0.,0.));
#3003=DIRECTION('ref_axis',(0.,1.,0.));
#3004=DIRECTION('',(0.,0.,-1.));
#3005=DIRECTION('center_axis',(0.,0.,1.));
#3006=DIRECTION('ref_axis',(1.,0.,0.));
#3007=DIRECTION('axis',(0.,0.,1.));
#3008=DIRECTION('refdir',(1.,0.,0.));
#3009=DIRECTION('center_axis',(-1.,0.,0.));
#3010=DIRECTION('ref_axis',(0.,1.,0.));
#3011=DIRECTION('',(0.,0.,1.));
#3012=DIRECTION('',(0.,1.,0.));
#3013=DIRECTION('',(0.,0.,1.));
#3014=DIRECTION('',(0.,1.,0.));
#3015=DIRECTION('center_axis',(0.,-1.,0.));
#3016=DIRECTION('ref_axis',(0.,0.,-1.));
#3017=DIRECTION('',(0.,0.,1.));
#3018=DIRECTION('',(1.,0.,0.));
#3019=DIRECTION('',(1.,0.,0.));
#3020=DIRECTION('',(0.,0.,1.));
#3021=DIRECTION('',(1.,0.,0.));
#3022=DIRECTION('',(0.,0.,1.));
#3023=DIRECTION('',(1.,0.,0.));
#3024=DIRECTION('center_axis',(0.,-1.,0.));
#3025=DIRECTION('ref_axis',(1.,0.,0.));
#3026=DIRECTION('center_axis',(0.,-1.,0.));
#3027=DIRECTION('ref_axis',(-1.,0.,0.));
#3028=DIRECTION('',(-1.,0.,0.));
#3029=DIRECTION('',(0.,0.,1.));
#3030=DIRECTION('',(-1.,0.,0.));
#3031=DIRECTION('center_axis',(0.,0.,1.));
#3032=DIRECTION('ref_axis',(1.,0.,0.));
#3033=DIRECTION('',(0.,-1.,0.));
#3034=DIRECTION('center_axis',(0.,0.,1.));
#3035=DIRECTION('ref_axis',(1.,0.,0.));
#3036=DIRECTION('',(0.,-1.,0.));
#3037=DIRECTION('',(0.,-1.,0.));
#3038=DIRECTION('',(-1.,0.,0.));
#3039=DIRECTION('',(0.,1.,0.));
#3040=DIRECTION('center_axis',(0.,0.,1.));
#3041=DIRECTION('ref_axis',(1.,0.,0.));
#3042=DIRECTION('center_axis',(0.,0.,1.));
#3043=DIRECTION('ref_axis',(1.,0.,0.));
#3044=DIRECTION('center_axis',(0.,0.,1.));
#3045=DIRECTION('ref_axis',(1.,0.,0.));
#3046=DIRECTION('center_axis',(0.,0.,1.));
#3047=DIRECTION('ref_axis',(1.,0.,0.));
#3048=DIRECTION('center_axis',(1.,0.,0.));
#3049=DIRECTION('ref_axis',(0.,-1.,0.));
#3050=DIRECTION('center_axis',(1.,0.,0.));
#3051=DIRECTION('ref_axis',(0.,-1.,0.));
#3052=DIRECTION('',(0.,0.,1.));
#3053=DIRECTION('',(0.,-1.,0.));
#3054=DIRECTION('center_axis',(0.,0.,1.));
#3055=DIRECTION('ref_axis',(1.,0.,0.));
#3056=DIRECTION('',(0.,1.,0.));
#3057=DIRECTION('',(-1.,0.,0.));
#3058=DIRECTION('center_axis',(-1.,0.,0.));
#3059=DIRECTION('ref_axis',(0.,1.,0.));
#3060=DIRECTION('',(0.,0.,1.));
#3061=DIRECTION('center_axis',(0.,-1.,-2.2E-16));
#3062=DIRECTION('ref_axis',(1.,0.,0.));
#3063=DIRECTION('center_axis',(0.,-1.,0.));
#3064=DIRECTION('ref_axis',(1.,0.,0.));
#3065=DIRECTION('',(0.,-1.,-2.2E-16));
#3066=DIRECTION('center_axis',(0.,-1.,0.));
#3067=DIRECTION('ref_axis',(-1.,0.,0.));
#3068=DIRECTION('center_axis',(0.,0.,-1.));
#3069=DIRECTION('ref_axis',(1.,0.,0.));
#3070=DIRECTION('',(0.,0.,1.));
#3071=DIRECTION('center_axis',(0.,0.,1.));
#3072=DIRECTION('ref_axis',(1.,0.,0.));
#3073=DIRECTION('',(0.,0.,-1.));
#3074=DIRECTION('center_axis',(0.,0.,-1.));
#3075=DIRECTION('ref_axis',(1.,0.,0.));
#3076=DIRECTION('',(0.,0.,-1.));
#3077=DIRECTION('center_axis',(0.,0.,1.));
#3078=DIRECTION('ref_axis',(1.,0.,0.));
#3079=DIRECTION('',(0.,0.,-1.));
#3080=DIRECTION('center_axis',(0.,0.,-1.));
#3081=DIRECTION('ref_axis',(1.,0.,0.));
#3082=DIRECTION('',(0.,0.,-1.));
#3083=DIRECTION('center_axis',(0.,0.,1.));
#3084=DIRECTION('ref_axis',(1.,0.,0.));
#3085=DIRECTION('center_axis',(0.,0.,-1.));
#3086=DIRECTION('ref_axis',(1.,0.,0.));
#3087=DIRECTION('',(0.,0.,1.));
#3088=DIRECTION('center_axis',(0.,0.,1.));
#3089=DIRECTION('ref_axis',(1.,0.,0.));
#3090=DIRECTION('',(0.,0.,-1.));
#3091=DIRECTION('center_axis',(0.,0.,-1.));
#3092=DIRECTION('ref_axis',(1.,0.,0.));
#3093=DIRECTION('',(0.,0.,-1.));
#3094=DIRECTION('center_axis',(0.,0.,1.));
#3095=DIRECTION('ref_axis',(1.,0.,0.));
#3096=DIRECTION('',(0.,0.,-1.));
#3097=DIRECTION('center_axis',(0.,0.,-1.));
#3098=DIRECTION('ref_axis',(1.,0.,0.));
#3099=DIRECTION('',(0.,0.,-1.));
#3100=DIRECTION('center_axis',(0.,0.,1.));
#3101=DIRECTION('ref_axis',(1.,0.,0.));
#3102=DIRECTION('center_axis',(0.,0.,-1.));
#3103=DIRECTION('ref_axis',(1.,0.,0.));
#3104=DIRECTION('',(0.,0.,1.));
#3105=DIRECTION('center_axis',(0.,0.,1.));
#3106=DIRECTION('ref_axis',(1.,0.,0.));
#3107=DIRECTION('',(0.,0.,-1.));
#3108=DIRECTION('center_axis',(0.,0.,-1.));
#3109=DIRECTION('ref_axis',(1.,0.,0.));
#3110=DIRECTION('',(0.,0.,-1.));
#3111=DIRECTION('center_axis',(0.,0.,1.));
#3112=DIRECTION('ref_axis',(1.,0.,0.));
#3113=DIRECTION('',(0.,0.,-1.));
#3114=DIRECTION('center_axis',(0.,0.,-1.));
#3115=DIRECTION('ref_axis',(1.,0.,0.));
#3116=DIRECTION('',(0.,0.,-1.));
#3117=DIRECTION('center_axis',(0.,0.,1.));
#3118=DIRECTION('ref_axis',(1.,0.,0.));
#3119=DIRECTION('center_axis',(0.,0.,-1.));
#3120=DIRECTION('ref_axis',(1.,0.,0.));
#3121=DIRECTION('',(0.,0.,1.));
#3122=DIRECTION('center_axis',(0.,0.,1.));
#3123=DIRECTION('ref_axis',(1.,0.,0.));
#3124=DIRECTION('',(0.,0.,-1.));
#3125=DIRECTION('center_axis',(0.,0.,-1.));
#3126=DIRECTION('ref_axis',(1.,0.,0.));
#3127=DIRECTION('',(0.,0.,-1.));
#3128=DIRECTION('center_axis',(0.,0.,1.));
#3129=DIRECTION('ref_axis',(1.,0.,0.));
#3130=DIRECTION('',(0.,0.,-1.));
#3131=DIRECTION('center_axis',(0.,0.,-1.));
#3132=DIRECTION('ref_axis',(1.,0.,0.));
#3133=DIRECTION('',(0.,0.,-1.));
#3134=DIRECTION('center_axis',(0.,0.,1.));
#3135=DIRECTION('ref_axis',(1.,0.,0.));
#3136=DIRECTION('center_axis',(0.,0.,1.));
#3137=DIRECTION('ref_axis',(1.,0.,0.));
#3138=DIRECTION('',(0.,1.,0.));
#3139=DIRECTION('center_axis',(0.,0.,1.));
#3140=DIRECTION('ref_axis',(1.,0.,0.));
#3141=DIRECTION('',(0.,1.,0.));
#3142=DIRECTION('center_axis',(1.,0.,0.));
#3143=DIRECTION('ref_axis',(0.,1.,0.));
#3144=DIRECTION('',(0.,1.,0.));
#3145=DIRECTION('',(0.,0.,-1.));
#3146=DIRECTION('',(0.,1.,0.));
#3147=DIRECTION('',(0.,0.,-1.));
#3148=DIRECTION('',(0.,1.,0.));
#3149=DIRECTION('',(0.,0.,-1.));
#3150=DIRECTION('',(0.,1.,0.));
#3151=DIRECTION('',(0.,0.,-1.));
#3152=DIRECTION('center_axis',(0.,0.,1.));
#3153=DIRECTION('ref_axis',(1.,0.,0.));
#3154=DIRECTION('',(0.,-1.,0.));
#3155=DIRECTION('center_axis',(-1.,0.,0.));
#3156=DIRECTION('ref_axis',(0.,-1.,0.));
#3157=DIRECTION('',(0.,-1.,0.));
#3158=DIRECTION('',(0.,0.,-1.));
#3159=DIRECTION('',(0.,-1.,0.));
#3160=DIRECTION('',(0.,0.,-1.));
#3161=DIRECTION('',(0.,-1.,0.));
#3162=DIRECTION('',(0.,-1.,0.));
#3163=DIRECTION('',(0.,0.,-1.));
#3164=DIRECTION('',(0.,-1.,0.));
#3165=DIRECTION('',(0.,0.,-1.));
#3166=DIRECTION('center_axis',(0.,0.,1.));
#3167=DIRECTION('ref_axis',(1.,0.,0.));
#3168=DIRECTION('center_axis',(0.,0.,1.));
#3169=DIRECTION('ref_axis',(1.,0.,0.));
#3170=DIRECTION('center_axis',(0.,0.,1.));
#3171=DIRECTION('ref_axis',(1.,0.,0.));
#3172=DIRECTION('',(0.,1.,0.));
#3173=DIRECTION('center_axis',(0.,0.,1.));
#3174=DIRECTION('ref_axis',(1.,0.,0.));
#3175=DIRECTION('',(0.,1.,0.));
#3176=DIRECTION('center_axis',(1.,0.,0.));
#3177=DIRECTION('ref_axis',(0.,1.,0.));
#3178=DIRECTION('',(0.,1.,0.));
#3179=DIRECTION('',(0.,0.,-1.));
#3180=DIRECTION('',(0.,1.,0.));
#3181=DIRECTION('',(0.,0.,-1.));
#3182=DIRECTION('',(0.,1.,0.));
#3183=DIRECTION('',(0.,0.,-1.));
#3184=DIRECTION('',(0.,1.,0.));
#3185=DIRECTION('',(0.,0.,-1.));
#3186=DIRECTION('center_axis',(0.,0.,1.));
#3187=DIRECTION('ref_axis',(1.,0.,0.));
#3188=DIRECTION('',(0.,-1.,0.));
#3189=DIRECTION('center_axis',(-1.,0.,0.));
#3190=DIRECTION('ref_axis',(0.,-1.,0.));
#3191=DIRECTION('',(0.,-1.,0.));
#3192=DIRECTION('',(0.,0.,-1.));
#3193=DIRECTION('',(0.,-1.,0.));
#3194=DIRECTION('',(0.,0.,-1.));
#3195=DIRECTION('',(0.,-1.,0.));
#3196=DIRECTION('',(0.,-1.,0.));
#3197=DIRECTION('',(0.,0.,-1.));
#3198=DIRECTION('',(0.,-1.,0.));
#3199=DIRECTION('',(0.,0.,-1.));
#3200=DIRECTION('center_axis',(0.,0.,1.));
#3201=DIRECTION('ref_axis',(1.,0.,0.));
#3202=DIRECTION('center_axis',(0.,0.,1.));
#3203=DIRECTION('ref_axis',(1.,0.,0.));
#3204=DIRECTION('center_axis',(0.,0.,1.));
#3205=DIRECTION('ref_axis',(1.,0.,0.));
#3206=DIRECTION('',(0.,1.,0.));
#3207=DIRECTION('center_axis',(0.,0.,1.));
#3208=DIRECTION('ref_axis',(1.,0.,0.));
#3209=DIRECTION('',(0.,1.,0.));
#3210=DIRECTION('center_axis',(1.,0.,0.));
#3211=DIRECTION('ref_axis',(0.,1.,0.));
#3212=DIRECTION('',(0.,1.,0.));
#3213=DIRECTION('',(0.,0.,-1.));
#3214=DIRECTION('',(0.,1.,0.));
#3215=DIRECTION('',(0.,0.,-1.));
#3216=DIRECTION('',(0.,1.,0.));
#3217=DIRECTION('',(0.,0.,-1.));
#3218=DIRECTION('',(0.,1.,0.));
#3219=DIRECTION('',(0.,0.,-1.));
#3220=DIRECTION('center_axis',(0.,0.,1.));
#3221=DIRECTION('ref_axis',(1.,0.,0.));
#3222=DIRECTION('',(0.,-1.,0.));
#3223=DIRECTION('center_axis',(-1.,0.,0.));
#3224=DIRECTION('ref_axis',(0.,-1.,0.));
#3225=DIRECTION('',(0.,-1.,0.));
#3226=DIRECTION('',(0.,0.,-1.));
#3227=DIRECTION('',(0.,-1.,0.));
#3228=DIRECTION('',(0.,0.,-1.));
#3229=DIRECTION('',(0.,-1.,0.));
#3230=DIRECTION('',(0.,-1.,0.));
#3231=DIRECTION('',(0.,0.,-1.));
#3232=DIRECTION('',(0.,-1.,0.));
#3233=DIRECTION('',(0.,0.,-1.));
#3234=DIRECTION('center_axis',(0.,0.,1.));
#3235=DIRECTION('ref_axis',(1.,0.,0.));
#3236=DIRECTION('center_axis',(0.,0.,1.));
#3237=DIRECTION('ref_axis',(1.,0.,0.));
#3238=DIRECTION('center_axis',(0.,0.,1.));
#3239=DIRECTION('ref_axis',(1.,0.,0.));
#3240=DIRECTION('',(0.,1.,0.));
#3241=DIRECTION('center_axis',(0.,0.,1.));
#3242=DIRECTION('ref_axis',(1.,0.,0.));
#3243=DIRECTION('',(0.,1.,0.));
#3244=DIRECTION('center_axis',(1.,0.,0.));
#3245=DIRECTION('ref_axis',(0.,1.,0.));
#3246=DIRECTION('',(0.,1.,0.));
#3247=DIRECTION('',(0.,0.,-1.));
#3248=DIRECTION('',(0.,1.,0.));
#3249=DIRECTION('',(0.,0.,-1.));
#3250=DIRECTION('',(0.,1.,0.));
#3251=DIRECTION('',(0.,0.,-1.));
#3252=DIRECTION('',(0.,1.,0.));
#3253=DIRECTION('',(0.,0.,-1.));
#3254=DIRECTION('center_axis',(0.,0.,1.));
#3255=DIRECTION('ref_axis',(1.,0.,0.));
#3256=DIRECTION('',(0.,-1.,0.));
#3257=DIRECTION('center_axis',(-1.,0.,0.));
#3258=DIRECTION('ref_axis',(0.,-1.,0.));
#3259=DIRECTION('',(0.,-1.,0.));
#3260=DIRECTION('',(0.,0.,-1.));
#3261=DIRECTION('',(0.,-1.,0.));
#3262=DIRECTION('',(0.,0.,-1.));
#3263=DIRECTION('',(0.,-1.,0.));
#3264=DIRECTION('',(0.,-1.,0.));
#3265=DIRECTION('',(0.,0.,-1.));
#3266=DIRECTION('',(0.,-1.,0.));
#3267=DIRECTION('',(0.,0.,-1.));
#3268=DIRECTION('center_axis',(0.,0.,1.));
#3269=DIRECTION('ref_axis',(1.,0.,0.));
#3270=DIRECTION('center_axis',(0.,0.,1.));
#3271=DIRECTION('ref_axis',(1.,0.,0.));
#3272=DIRECTION('center_axis',(0.,0.,-1.));
#3273=DIRECTION('ref_axis',(1.,0.,0.));
#3274=DIRECTION('center_axis',(0.,0.,1.));
#3275=DIRECTION('ref_axis',(1.,0.,0.));
#3276=DIRECTION('center_axis',(0.,0.,1.));
#3277=DIRECTION('ref_axis',(1.,0.,0.));
#3278=DIRECTION('center_axis',(0.,0.,1.));
#3279=DIRECTION('ref_axis',(1.,0.,0.));
#3280=DIRECTION('center_axis',(0.,0.,-1.));
#3281=DIRECTION('ref_axis',(1.,0.,0.));
#3282=DIRECTION('center_axis',(0.,0.,1.));
#3283=DIRECTION('ref_axis',(1.,0.,0.));
#3284=DIRECTION('center_axis',(0.,0.,-1.));
#3285=DIRECTION('ref_axis',(1.,0.,0.));
#3286=DIRECTION('center_axis',(0.,0.,1.));
#3287=DIRECTION('ref_axis',(1.,0.,0.));
#3288=DIRECTION('center_axis',(0.,0.,1.));
#3289=DIRECTION('ref_axis',(1.,0.,0.));
#3290=DIRECTION('center_axis',(0.,0.,1.));
#3291=DIRECTION('ref_axis',(1.,0.,0.));
#3292=DIRECTION('center_axis',(0.,0.,1.));
#3293=DIRECTION('ref_axis',(1.,0.,0.));
#3294=DIRECTION('center_axis',(0.,0.,-1.));
#3295=DIRECTION('ref_axis',(-1.,4.09786719861205E-14,0.));
#3296=DIRECTION('center_axis',(0.,0.,1.));
#3297=DIRECTION('ref_axis',(1.,0.,0.));
#3298=DIRECTION('center_axis',(0.,0.,-1.));
#3299=DIRECTION('ref_axis',(-1.,-1.22464679914735E-16,0.));
#3300=DIRECTION('center_axis',(0.,0.,1.));
#3301=DIRECTION('ref_axis',(1.,0.,0.));
#3302=DIRECTION('center_axis',(0.,0.,1.));
#3303=DIRECTION('ref_axis',(1.,0.,0.));
#3304=DIRECTION('center_axis',(0.,0.,1.));
#3305=DIRECTION('ref_axis',(1.,0.,0.));
#3306=DIRECTION('center_axis',(0.,0.,-1.));
#3307=DIRECTION('ref_axis',(-1.,-1.22464679914735E-16,0.));
#3308=DIRECTION('center_axis',(0.,0.,-1.));
#3309=DIRECTION('ref_axis',(1.,0.,0.));
#3310=DIRECTION('center_axis',(0.,0.,1.));
#3311=DIRECTION('ref_axis',(1.,0.,0.));
#3312=DIRECTION('center_axis',(0.,0.,1.));
#3313=DIRECTION('ref_axis',(1.,0.,0.));
#3314=DIRECTION('center_axis',(0.,0.,1.));
#3315=DIRECTION('ref_axis',(1.,0.,0.));
#3316=DIRECTION('center_axis',(0.,0.,-1.));
#3317=DIRECTION('ref_axis',(1.,0.,0.));
#3318=DIRECTION('center_axis',(0.,0.,1.));
#3319=DIRECTION('ref_axis',(1.,0.,0.));
#3320=DIRECTION('center_axis',(0.,0.,-1.));
#3321=DIRECTION('ref_axis',(1.,0.,0.));
#3322=DIRECTION('center_axis',(0.,0.,1.));
#3323=DIRECTION('ref_axis',(1.,0.,0.));
#3324=DIRECTION('center_axis',(0.,0.,1.));
#3325=DIRECTION('ref_axis',(1.,0.,0.));
#3326=DIRECTION('center_axis',(0.,0.,1.));
#3327=DIRECTION('ref_axis',(1.,0.,0.));
#3328=DIRECTION('center_axis',(0.,0.,1.));
#3329=DIRECTION('ref_axis',(1.,0.,0.));
#3330=DIRECTION('center_axis',(0.,0.,-1.));
#3331=DIRECTION('ref_axis',(-1.,4.09786719861205E-14,0.));
#3332=DIRECTION('center_axis',(0.,0.,1.));
#3333=DIRECTION('ref_axis',(1.,0.,0.));
#3334=DIRECTION('center_axis',(0.,0.,-1.));
#3335=DIRECTION('ref_axis',(-1.,-1.22464679914735E-16,0.));
#3336=DIRECTION('center_axis',(0.,0.,1.));
#3337=DIRECTION('ref_axis',(1.,0.,0.));
#3338=DIRECTION('center_axis',(0.,0.,1.));
#3339=DIRECTION('ref_axis',(1.,0.,0.));
#3340=DIRECTION('center_axis',(0.,0.,1.));
#3341=DIRECTION('ref_axis',(1.,0.,0.));
#3342=DIRECTION('center_axis',(0.,0.,-1.));
#3343=DIRECTION('ref_axis',(-1.,-1.22464679914735E-16,0.));
#3344=DIRECTION('center_axis',(0.,0.,-1.));
#3345=DIRECTION('ref_axis',(1.,0.,0.));
#3346=DIRECTION('center_axis',(0.,0.,1.));
#3347=DIRECTION('ref_axis',(1.,0.,0.));
#3348=DIRECTION('center_axis',(0.,0.,1.));
#3349=DIRECTION('ref_axis',(1.,0.,0.));
#3350=DIRECTION('center_axis',(0.,0.,1.));
#3351=DIRECTION('ref_axis',(1.,0.,0.));
#3352=DIRECTION('center_axis',(0.,0.,-1.));
#3353=DIRECTION('ref_axis',(1.,0.,0.));
#3354=DIRECTION('center_axis',(0.,0.,1.));
#3355=DIRECTION('ref_axis',(1.,0.,0.));
#3356=DIRECTION('center_axis',(0.,0.,-1.));
#3357=DIRECTION('ref_axis',(1.,0.,0.));
#3358=DIRECTION('center_axis',(0.,0.,1.));
#3359=DIRECTION('ref_axis',(1.,0.,0.));
#3360=DIRECTION('center_axis',(0.,0.,1.));
#3361=DIRECTION('ref_axis',(1.,0.,0.));
#3362=DIRECTION('center_axis',(0.,0.,1.));
#3363=DIRECTION('ref_axis',(1.,0.,0.));
#3364=DIRECTION('center_axis',(0.,0.,1.));
#3365=DIRECTION('ref_axis',(1.,0.,0.));
#3366=DIRECTION('center_axis',(0.,0.,-1.));
#3367=DIRECTION('ref_axis',(-1.,2.41032820118181E-14,0.));
#3368=DIRECTION('center_axis',(0.,0.,1.));
#3369=DIRECTION('ref_axis',(1.,0.,0.));
#3370=DIRECTION('center_axis',(0.,0.,-1.));
#3371=DIRECTION('ref_axis',(-1.,-1.22464679914735E-16,0.));
#3372=DIRECTION('center_axis',(0.,0.,1.));
#3373=DIRECTION('ref_axis',(1.,0.,0.));
#3374=DIRECTION('center_axis',(0.,0.,1.));
#3375=DIRECTION('ref_axis',(1.,0.,0.));
#3376=DIRECTION('center_axis',(0.,0.,1.));
#3377=DIRECTION('ref_axis',(1.,0.,0.));
#3378=DIRECTION('center_axis',(0.,0.,-1.));
#3379=DIRECTION('ref_axis',(-1.,7.6571373978539E-16,0.));
#3380=DIRECTION('center_axis',(0.,0.,1.));
#3381=DIRECTION('ref_axis',(1.,0.,0.));
#3382=DIRECTION('center_axis',(0.,0.,1.));
#3383=DIRECTION('ref_axis',(1.,0.,0.));
#3384=DIRECTION('center_axis',(0.,0.,-1.));
#3385=DIRECTION('ref_axis',(1.,0.,0.));
#3386=DIRECTION('center_axis',(0.,0.,1.));
#3387=DIRECTION('ref_axis',(1.,0.,0.));
#3388=DIRECTION('center_axis',(0.,0.,1.));
#3389=DIRECTION('ref_axis',(1.,0.,0.));
#3390=DIRECTION('center_axis',(0.,0.,1.));
#3391=DIRECTION('ref_axis',(1.,0.,0.));
#3392=DIRECTION('center_axis',(0.,0.,1.));
#3393=DIRECTION('ref_axis',(1.,0.,0.));
#3394=DIRECTION('center_axis',(0.,0.,1.));
#3395=DIRECTION('ref_axis',(1.,0.,0.));
#3396=DIRECTION('center_axis',(0.,0.,1.));
#3397=DIRECTION('ref_axis',(1.,0.,0.));
#3398=DIRECTION('center_axis',(0.,0.,-1.));
#3399=DIRECTION('ref_axis',(-1.,2.49914604315182E-14,0.));
#3400=DIRECTION('center_axis',(0.,0.,1.));
#3401=DIRECTION('ref_axis',(1.,0.,0.));
#3402=DIRECTION('center_axis',(0.,0.,-1.));
#3403=DIRECTION('ref_axis',(-1.,-1.22464679914735E-16,0.));
#3404=DIRECTION('center_axis',(0.,0.,1.));
#3405=DIRECTION('ref_axis',(1.,0.,0.));
#3406=DIRECTION('center_axis',(0.,0.,1.));
#3407=DIRECTION('ref_axis',(1.,0.,0.));
#3408=DIRECTION('center_axis',(0.,0.,1.));
#3409=DIRECTION('ref_axis',(1.,0.,0.));
#3410=DIRECTION('center_axis',(0.,0.,-1.));
#3411=DIRECTION('ref_axis',(-1.,7.6571373978539E-16,0.));
#3412=DIRECTION('center_axis',(0.,0.,-1.));
#3413=DIRECTION('ref_axis',(1.,0.,0.));
#3414=DIRECTION('center_axis',(0.,0.,-1.));
#3415=DIRECTION('ref_axis',(1.,0.,0.));
#3416=DIRECTION('axis',(0.,0.,1.));
#3417=DIRECTION('refdir',(1.,0.,0.));
#3418=DIRECTION('center_axis',(-0.868243142124275,-0.496138938357157,0.));
#3419=DIRECTION('ref_axis',(-0.496138938357157,0.868243142124275,0.));
#3420=DIRECTION('',(0.,0.,1.));
#3421=DIRECTION('',(-0.496138938357157,0.868243142124275,0.));
#3422=DIRECTION('',(0.,0.,1.));
#3423=DIRECTION('',(-0.496138938357157,0.868243142124275,0.));
#3424=DIRECTION('center_axis',(-0.868243142124275,0.496138938357157,0.));
#3425=DIRECTION('ref_axis',(0.496138938357157,0.868243142124275,0.));
#3426=DIRECTION('',(0.,0.,1.));
#3427=DIRECTION('',(0.496138938357157,0.868243142124275,0.));
#3428=DIRECTION('',(0.496138938357157,0.868243142124275,0.));
#3429=DIRECTION('center_axis',(-0.864201967792169,-0.503145067415098,0.));
#3430=DIRECTION('ref_axis',(-0.503145067415098,0.864201967792169,0.));
#3431=DIRECTION('',(-0.503145067415098,0.864201967792169,0.));
#3432=DIRECTION('',(0.,0.,1.));
#3433=DIRECTION('',(-0.503145067415098,0.864201967792169,0.));
#3434=DIRECTION('center_axis',(0.,0.,1.));
#3435=DIRECTION('ref_axis',(1.,0.,0.));
#3436=DIRECTION('',(0.503145067415098,0.864201967792169,0.));
#3437=DIRECTION('',(0.998953841495219,0.04572988696624,0.));
#3438=DIRECTION('',(0.998953841495219,-0.04572988696624,0.));
#3439=DIRECTION('',(0.503145067415098,-0.864201967792169,0.));
#3440=DIRECTION('',(0.496138938357157,-0.868243142124275,0.));
#3441=DIRECTION('',(-0.496138938357157,-0.868243142124275,0.));
#3442=DIRECTION('',(-0.503145067415098,-0.864201967792169,0.));
#3443=DIRECTION('',(-0.998953841495219,-0.04572988696624,0.));
#3444=DIRECTION('',(-0.998953841495219,0.04572988696624,0.));
#3445=DIRECTION('center_axis',(0.,0.,1.));
#3446=DIRECTION('ref_axis',(1.,0.,0.));
#3447=DIRECTION('center_axis',(0.,0.,1.));
#3448=DIRECTION('ref_axis',(1.,0.,0.));
#3449=DIRECTION('',(-0.998953841495219,0.04572988696624,0.));
#3450=DIRECTION('',(-0.998953841495219,-0.04572988696624,0.));
#3451=DIRECTION('',(-0.503145067415098,-0.864201967792169,0.));
#3452=DIRECTION('',(-0.496138938357157,-0.868243142124275,0.));
#3453=DIRECTION('',(0.496138938357157,-0.868243142124275,0.));
#3454=DIRECTION('',(0.503145067415098,-0.864201967792169,0.));
#3455=DIRECTION('',(0.998953841495219,-0.04572988696624,0.));
#3456=DIRECTION('',(0.998953841495219,0.04572988696624,0.));
#3457=DIRECTION('',(0.503145067415098,0.864201967792169,0.));
#3458=DIRECTION('',(-0.499999433879131,0.866025730634228,0.));
#3459=DIRECTION('',(0.499999433879131,0.866025730634228,0.));
#3460=DIRECTION('',(1.,0.,0.));
#3461=DIRECTION('',(0.499999433879131,-0.866025730634228,0.));
#3462=DIRECTION('',(-0.499999433879131,-0.866025730634228,0.));
#3463=DIRECTION('',(-1.,0.,0.));
#3464=DIRECTION('center_axis',(-0.864201967792169,0.503145067415098,0.));
#3465=DIRECTION('ref_axis',(0.503145067415098,0.864201967792169,0.));
#3466=DIRECTION('',(0.,0.,1.));
#3467=DIRECTION('center_axis',(-0.04572988696624,-0.998953841495219,0.));
#3468=DIRECTION('ref_axis',(-0.998953841495219,0.04572988696624,0.));
#3469=DIRECTION('',(0.,0.,1.));
#3470=DIRECTION('center_axis',(-0.04572988696624,0.998953841495219,0.));
#3471=DIRECTION('ref_axis',(0.998953841495219,0.04572988696624,0.));
#3472=DIRECTION('',(0.,0.,1.));
#3473=DIRECTION('center_axis',(0.04572988696624,-0.998953841495219,0.));
#3474=DIRECTION('ref_axis',(-0.998953841495219,-0.04572988696624,0.));
#3475=DIRECTION('',(0.,0.,1.));
#3476=DIRECTION('center_axis',(0.04572988696624,0.998953841495219,0.));
#3477=DIRECTION('ref_axis',(0.998953841495219,-0.04572988696624,0.));
#3478=DIRECTION('',(0.,0.,1.));
#3479=DIRECTION('center_axis',(0.864201967792169,-0.503145067415098,0.));
#3480=DIRECTION('ref_axis',(-0.503145067415098,-0.864201967792169,0.));
#3481=DIRECTION('',(0.,0.,1.));
#3482=DIRECTION('center_axis',(0.864201967792169,0.503145067415098,0.));
#3483=DIRECTION('ref_axis',(0.503145067415098,-0.864201967792169,0.));
#3484=DIRECTION('',(0.,0.,1.));
#3485=DIRECTION('center_axis',(0.868243142124275,-0.496138938357157,0.));
#3486=DIRECTION('ref_axis',(-0.496138938357157,-0.868243142124275,0.));
#3487=DIRECTION('',(0.,0.,1.));
#3488=DIRECTION('center_axis',(0.868243142124275,0.496138938357157,0.));
#3489=DIRECTION('ref_axis',(0.496138938357157,-0.868243142124275,0.));
#3490=DIRECTION('center_axis',(0.,0.,1.));
#3491=DIRECTION('ref_axis',(1.,0.,0.));
#3492=DIRECTION('',(0.,0.,1.));
#3493=DIRECTION('center_axis',(0.,0.,1.));
#3494=DIRECTION('ref_axis',(1.,0.,0.));
#3495=DIRECTION('center_axis',(0.866025730634228,0.499999433879131,0.));
#3496=DIRECTION('ref_axis',(-0.499999433879131,0.866025730634228,0.));
#3497=DIRECTION('',(0.,0.,-1.));
#3498=DIRECTION('',(0.,0.,-1.));
#3499=DIRECTION('',(-0.499999433879131,0.866025730634228,0.));
#3500=DIRECTION('center_axis',(0.,1.,0.));
#3501=DIRECTION('ref_axis',(-1.,0.,0.));
#3502=DIRECTION('',(0.,0.,-1.));
#3503=DIRECTION('',(-1.,0.,0.));
#3504=DIRECTION('center_axis',(-0.866025730634228,0.499999433879131,0.));
#3505=DIRECTION('ref_axis',(-0.499999433879131,-0.866025730634228,0.));
#3506=DIRECTION('',(0.,0.,-1.));
#3507=DIRECTION('',(-0.499999433879131,-0.866025730634228,0.));
#3508=DIRECTION('center_axis',(-0.866025730634228,-0.499999433879131,0.));
#3509=DIRECTION('ref_axis',(0.499999433879131,-0.866025730634228,0.));
#3510=DIRECTION('',(0.,0.,-1.));
#3511=DIRECTION('',(0.499999433879131,-0.866025730634228,0.));
#3512=DIRECTION('center_axis',(0.,-1.,0.));
#3513=DIRECTION('ref_axis',(1.,0.,0.));
#3514=DIRECTION('',(0.,0.,-1.));
#3515=DIRECTION('',(1.,0.,0.));
#3516=DIRECTION('center_axis',(0.866025730634228,-0.499999433879131,0.));
#3517=DIRECTION('ref_axis',(0.499999433879131,0.866025730634228,0.));
#3518=DIRECTION('',(0.499999433879131,0.866025730634228,0.));
#3519=DIRECTION('center_axis',(0.,0.,1.));
#3520=DIRECTION('ref_axis',(1.,0.,0.));
#3521=DIRECTION('',(0.,0.,1.));
#3522=DIRECTION('',(1.,0.,0.));
#3523=DIRECTION('',(0.,-1.,-2.22044604925E-16));
#3524=DIRECTION('',(1.,0.,0.));
#3525=DIRECTION('',(0.422618261740812,0.,0.906307787036598));
#3526=DIRECTION('',(0.906307787036597,0.,-0.422618261740812));
#3527=DIRECTION('',(0.,-1.,-2.22044604925E-16));
#3528=DIRECTION('',(1.,0.,0.));
#3529=CARTESIAN_POINT('',(0.,0.,0.));
#3530=CARTESIAN_POINT('',(0.,0.,0.));
#3531=CARTESIAN_POINT('Origin',(105.2,8.2,10.));
#3532=CARTESIAN_POINT('',(105.2,8.2,10.));
#3533=CARTESIAN_POINT('',(105.2,0.,10.));
#3534=CARTESIAN_POINT('',(105.2,39.1,10.));
#3535=CARTESIAN_POINT('',(105.2,8.2,2.));
#3536=CARTESIAN_POINT('',(105.2,8.2,10.));
#3537=CARTESIAN_POINT('',(105.2,0.,2.));
#3538=CARTESIAN_POINT('',(105.2,0.,2.));
#3539=CARTESIAN_POINT('',(105.2,0.,5.));
#3540=CARTESIAN_POINT('Origin',(74.8,8.2,10.));
#3541=CARTESIAN_POINT('',(74.8,8.2,10.));
#3542=CARTESIAN_POINT('',(82.4,8.2,10.));
#3543=CARTESIAN_POINT('',(74.8,8.2,2.));
#3544=CARTESIAN_POINT('',(74.8,8.2,10.));
#3545=CARTESIAN_POINT('',(105.2,8.2,2.));
#3546=CARTESIAN_POINT('Origin',(74.8,0.,10.));
#3547=CARTESIAN_POINT('',(74.8,0.,10.));
#3548=CARTESIAN_POINT('',(74.8,35.,10.));
#3549=CARTESIAN_POINT('',(74.8,0.,2.));
#3550=CARTESIAN_POINT('',(74.8,0.,5.));
#3551=CARTESIAN_POINT('',(74.8,8.2,2.));
#3552=CARTESIAN_POINT('Origin',(90.,4.1,2.));
#3553=CARTESIAN_POINT('',(45.,0.,2.));
#3554=CARTESIAN_POINT('Origin',(90.,70.,10.));
#3555=CARTESIAN_POINT('',(180.,0.,10.));
#3556=CARTESIAN_POINT('',(0.,0.,10.));
#3557=CARTESIAN_POINT('',(180.,140.,10.));
#3558=CARTESIAN_POINT('',(180.,0.,10.));
#3559=CARTESIAN_POINT('',(0.,140.,10.));
#3560=CARTESIAN_POINT('',(180.,140.,10.));
#3561=CARTESIAN_POINT('',(0.,0.,10.));
#3562=CARTESIAN_POINT('',(0.,140.,10.));
#3563=CARTESIAN_POINT('',(0.,0.,10.));
#3564=CARTESIAN_POINT('',(25.,90.,10.));
#3565=CARTESIAN_POINT('',(155.,90.,10.));
#3566=CARTESIAN_POINT('',(25.,90.,10.));
#3567=CARTESIAN_POINT('',(25.,130.,10.));
#3568=CARTESIAN_POINT('',(25.,130.,10.));
#3569=CARTESIAN_POINT('',(155.,130.,10.));
#3570=CARTESIAN_POINT('',(155.,130.,10.));
#3571=CARTESIAN_POINT('',(155.,90.,10.));
#3572=CARTESIAN_POINT('Origin',(0.,0.,0.));
#3573=CARTESIAN_POINT('',(0.,0.,0.));
#3574=CARTESIAN_POINT('',(0.,0.,0.));
#3575=CARTESIAN_POINT('',(180.,0.,0.));
#3576=CARTESIAN_POINT('',(0.,0.,0.));
#3577=CARTESIAN_POINT('',(180.,0.,0.));
#3578=CARTESIAN_POINT('Origin',(0.,140.,0.));
#3579=CARTESIAN_POINT('',(0.,140.,0.));
#3580=CARTESIAN_POINT('',(0.,140.,0.));
#3581=CARTESIAN_POINT('',(0.,140.,0.));
#3582=CARTESIAN_POINT('Origin',(180.,0.,0.));
#3583=CARTESIAN_POINT('',(180.,140.,0.));
#3584=CARTESIAN_POINT('',(180.,0.,0.));
#3585=CARTESIAN_POINT('',(180.,140.,0.));
#3586=CARTESIAN_POINT('Origin',(90.,70.,0.));
#3587=CARTESIAN_POINT('',(180.,140.,0.));
#3588=CARTESIAN_POINT('Origin',(180.,140.,0.));
#3589=CARTESIAN_POINT('Origin',(25.,90.,10.));
#3590=CARTESIAN_POINT('',(25.,90.,4.));
#3591=CARTESIAN_POINT('',(25.,90.,10.));
#3592=CARTESIAN_POINT('',(155.,90.,4.));
#3593=CARTESIAN_POINT('',(155.,90.,10.));
#3594=CARTESIAN_POINT('',(25.,90.,4.));
#3595=CARTESIAN_POINT('Origin',(25.,130.,10.));
#3596=CARTESIAN_POINT('',(25.,130.,4.));
#3597=CARTESIAN_POINT('',(25.,130.,10.));
#3598=CARTESIAN_POINT('',(25.,130.,4.));
#3599=CARTESIAN_POINT('Origin',(155.,90.,10.));
#3600=CARTESIAN_POINT('',(155.,130.,4.));
#3601=CARTESIAN_POINT('',(155.,130.,10.));
#3602=CARTESIAN_POINT('',(155.,90.,4.));
#3603=CARTESIAN_POINT('Origin',(155.,130.,10.));
#3604=CARTESIAN_POINT('',(155.,130.,4.));
#3605=CARTESIAN_POINT('Origin',(90.,110.,4.));
#3606=CARTESIAN_POINT('',(0.,0.,0.));
#3607=CARTESIAN_POINT('Origin',(0.,0.,0.));
#3608=CARTESIAN_POINT('',(0.,0.,0.));
#3609=CARTESIAN_POINT('',(0.,0.,8.));
#3610=CARTESIAN_POINT('',(0.,0.,0.));
#3611=CARTESIAN_POINT('',(30.,0.,0.));
#3612=CARTESIAN_POINT('',(0.,0.,0.));
#3613=CARTESIAN_POINT('',(30.,0.,8.));
#3614=CARTESIAN_POINT('',(30.,0.,0.));
#3615=CARTESIAN_POINT('',(0.,0.,8.));
#3616=CARTESIAN_POINT('Origin',(0.,8.,0.));
#3617=CARTESIAN_POINT('',(0.,8.,0.));
#3618=CARTESIAN_POINT('',(0.,8.,8.));
#3619=CARTESIAN_POINT('',(0.,8.,0.));
#3620=CARTESIAN_POINT('',(0.,8.,0.));
#3621=CARTESIAN_POINT('',(0.,8.,8.));
#3622=CARTESIAN_POINT('Origin',(30.,0.,0.));
#3623=CARTESIAN_POINT('',(30.,8.,0.));
#3624=CARTESIAN_POINT('',(30.,0.,0.));
#3625=CARTESIAN_POINT('',(30.,8.,8.));
#3626=CARTESIAN_POINT('',(30.,8.,0.));
#3627=CARTESIAN_POINT('',(30.,0.,8.));
#3628=CARTESIAN_POINT('Origin',(15.,117.78070175438,0.));
#3629=CARTESIAN_POINT('',(-10.,8.,0.));
#3630=CARTESIAN_POINT('',(-10.,8.,0.));
#3631=CARTESIAN_POINT('',(-10.,235.,0.));
#3632=CARTESIAN_POINT('',(-10.,235.,0.));
#3633=CARTESIAN_POINT('',(40.,235.,0.));
#3634=CARTESIAN_POINT('',(40.,235.,0.));
#3635=CARTESIAN_POINT('',(40.,8.,0.));
#3636=CARTESIAN_POINT('',(40.,8.,0.));
#3637=CARTESIAN_POINT('',(30.,8.,0.));
#3638=CARTESIAN_POINT('',(-4.,70.,0.));
#3639=CARTESIAN_POINT('',(-1.,70.,0.));
#3640=CARTESIAN_POINT('',(-4.,70.,0.));
#3641=CARTESIAN_POINT('',(-1.,82.,0.));
#3642=CARTESIAN_POINT('',(-1.,70.,0.));
#3643=CARTESIAN_POINT('',(-4.,82.,0.));
#3644=CARTESIAN_POINT('',(-1.,82.,0.));
#3645=CARTESIAN_POINT('',(-4.,82.,0.));
#3646=CARTESIAN_POINT('',(-4.,145.,0.));
#3647=CARTESIAN_POINT('',(-1.,145.,0.));
#3648=CARTESIAN_POINT('',(-4.,145.,0.));
#3649=CARTESIAN_POINT('',(-1.,157.,0.));
#3650=CARTESIAN_POINT('',(-1.,145.,0.));
#3651=CARTESIAN_POINT('',(-4.,157.,0.));
#3652=CARTESIAN_POINT('',(-1.,157.,0.));
#3653=CARTESIAN_POINT('',(-4.,157.,0.));
#3654=CARTESIAN_POINT('',(12.25,145.,0.));
#3655=CARTESIAN_POINT('',(17.75,145.,0.));
#3656=CARTESIAN_POINT('Origin',(15.,145.,0.));
#3657=CARTESIAN_POINT('',(17.75,215.,0.));
#3658=CARTESIAN_POINT('',(17.75,145.,0.));
#3659=CARTESIAN_POINT('',(12.25,215.,0.));
#3660=CARTESIAN_POINT('Origin',(15.,215.,0.));
#3661=CARTESIAN_POINT('',(12.25,215.,0.));
#3662=CARTESIAN_POINT('Origin',(15.,117.78070175438,8.));
#3663=CARTESIAN_POINT('',(40.,8.,8.));
#3664=CARTESIAN_POINT('',(30.,8.,8.));
#3665=CARTESIAN_POINT('',(40.,235.,8.));
#3666=CARTESIAN_POINT('',(40.,8.,8.));
#3667=CARTESIAN_POINT('',(-10.,235.,8.));
#3668=CARTESIAN_POINT('',(40.,235.,8.));
#3669=CARTESIAN_POINT('',(-10.,8.,8.));
#3670=CARTESIAN_POINT('',(-10.,235.,8.));
#3671=CARTESIAN_POINT('',(-10.,8.,8.));
#3672=CARTESIAN_POINT('',(-4.,70.,8.));
#3673=CARTESIAN_POINT('',(-1.,70.,8.));
#3674=CARTESIAN_POINT('',(-4.,70.,8.));
#3675=CARTESIAN_POINT('',(-4.,82.,8.));
#3676=CARTESIAN_POINT('',(-4.,82.,8.));
#3677=CARTESIAN_POINT('',(-1.,82.,8.));
#3678=CARTESIAN_POINT('',(-1.,82.,8.));
#3679=CARTESIAN_POINT('',(-1.,70.,8.));
#3680=CARTESIAN_POINT('',(-4.,145.,8.));
#3681=CARTESIAN_POINT('',(-1.,145.,8.));
#3682=CARTESIAN_POINT('',(-4.,145.,8.));
#3683=CARTESIAN_POINT('',(-4.,157.,8.));
#3684=CARTESIAN_POINT('',(-4.,157.,8.));
#3685=CARTESIAN_POINT('',(-1.,157.,8.));
#3686=CARTESIAN_POINT('',(-1.,157.,8.));
#3687=CARTESIAN_POINT('',(-1.,145.,8.));
#3688=CARTESIAN_POINT('',(12.25,145.,8.));
#3689=CARTESIAN_POINT('',(17.75,145.,8.));
#3690=CARTESIAN_POINT('Origin',(15.,145.,8.));
#3691=CARTESIAN_POINT('',(12.25,215.,8.));
#3692=CARTESIAN_POINT('',(12.25,215.,8.));
#3693=CARTESIAN_POINT('',(17.75,215.,8.));
#3694=CARTESIAN_POINT('Origin',(15.,215.,8.));
#3695=CARTESIAN_POINT('',(17.75,145.,8.));
#3696=CARTESIAN_POINT('Origin',(-10.,8.,0.));
#3697=CARTESIAN_POINT('',(-10.,8.,0.));
#3698=CARTESIAN_POINT('Origin',(30.,8.,0.));
#3699=CARTESIAN_POINT('',(40.,8.,0.));
#3700=CARTESIAN_POINT('Origin',(-10.,235.,0.));
#3701=CARTESIAN_POINT('',(-10.,235.,0.));
#3702=CARTESIAN_POINT('Origin',(40.,8.,0.));
#3703=CARTESIAN_POINT('',(40.,235.,0.));
#3704=CARTESIAN_POINT('Origin',(40.,235.,0.));
#3705=CARTESIAN_POINT('Origin',(-4.,70.,8.));
#3706=CARTESIAN_POINT('',(-4.,70.,8.));
#3707=CARTESIAN_POINT('',(-1.,70.,8.));
#3708=CARTESIAN_POINT('Origin',(-4.,82.,8.));
#3709=CARTESIAN_POINT('',(-4.,82.,8.));
#3710=CARTESIAN_POINT('Origin',(-1.,70.,8.));
#3711=CARTESIAN_POINT('',(-1.,82.,8.));
#3712=CARTESIAN_POINT('Origin',(-1.,82.,8.));
#3713=CARTESIAN_POINT('Origin',(-4.,145.,8.));
#3714=CARTESIAN_POINT('',(-4.,145.,8.));
#3715=CARTESIAN_POINT('',(-1.,145.,8.));
#3716=CARTESIAN_POINT('Origin',(-1.,145.,8.));
#3717=CARTESIAN_POINT('',(-1.,157.,8.));
#3718=CARTESIAN_POINT('Origin',(-1.,157.,8.));
#3719=CARTESIAN_POINT('',(-4.,157.,8.));
#3720=CARTESIAN_POINT('Origin',(-4.,157.,8.));
#3721=CARTESIAN_POINT('Origin',(15.,145.,8.));
#3722=CARTESIAN_POINT('',(17.75,145.,8.));
#3723=CARTESIAN_POINT('',(12.25,145.,8.));
#3724=CARTESIAN_POINT('Origin',(12.25,215.,8.));
#3725=CARTESIAN_POINT('',(12.25,215.,8.));
#3726=CARTESIAN_POINT('Origin',(17.75,145.,8.));
#3727=CARTESIAN_POINT('',(17.75,215.,8.));
#3728=CARTESIAN_POINT('Origin',(15.,215.,8.));
#3729=CARTESIAN_POINT('',(0.,0.,0.));
#3730=CARTESIAN_POINT('Origin',(140.,0.,0.));
#3731=CARTESIAN_POINT('',(140.,0.,0.));
#3732=CARTESIAN_POINT('',(140.,0.,4.));
#3733=CARTESIAN_POINT('',(140.,0.,0.));
#3734=CARTESIAN_POINT('',(140.,115.,0.));
#3735=CARTESIAN_POINT('',(140.,0.,0.));
#3736=CARTESIAN_POINT('',(140.,115.,4.));
#3737=CARTESIAN_POINT('',(140.,115.,0.));
#3738=CARTESIAN_POINT('',(140.,0.,4.));
#3739=CARTESIAN_POINT('Origin',(70.,0.,10.965517241379));
#3740=CARTESIAN_POINT('',(0.,0.,0.));
#3741=CARTESIAN_POINT('',(0.,0.,4.));
#3742=CARTESIAN_POINT('',(0.,0.,0.));
#3743=CARTESIAN_POINT('',(0.,0.,0.));
#3744=CARTESIAN_POINT('',(105.,0.,4.));
#3745=CARTESIAN_POINT('',(0.,0.,4.));
#3746=CARTESIAN_POINT('',(105.,0.,34.));
#3747=CARTESIAN_POINT('',(105.,0.,4.));
#3748=CARTESIAN_POINT('',(35.,0.,34.));
#3749=CARTESIAN_POINT('',(35.,0.,34.));
#3750=CARTESIAN_POINT('',(35.,0.,4.));
#3751=CARTESIAN_POINT('',(35.,0.,4.));
#3752=CARTESIAN_POINT('',(0.,0.,4.));
#3753=CARTESIAN_POINT('',(67.25,-6.05000000000001E-16,19.));
#3754=CARTESIAN_POINT('Origin',(70.,0.,19.));
#3755=CARTESIAN_POINT('Origin',(140.,115.,0.));
#3756=CARTESIAN_POINT('',(0.,115.,0.));
#3757=CARTESIAN_POINT('',(140.,115.,0.));
#3758=CARTESIAN_POINT('',(0.,115.,4.));
#3759=CARTESIAN_POINT('',(0.,115.,0.));
#3760=CARTESIAN_POINT('',(140.,115.,4.));
#3761=CARTESIAN_POINT('Origin',(70.,57.5,0.));
#3762=CARTESIAN_POINT('',(0.,115.,0.));
#3763=CARTESIAN_POINT('Origin',(70.,57.5,4.));
#3764=CARTESIAN_POINT('',(0.,115.,4.));
#3765=CARTESIAN_POINT('',(35.,6.,4.));
#3766=CARTESIAN_POINT('',(35.,6.,4.));
#3767=CARTESIAN_POINT('',(105.,6.,4.));
#3768=CARTESIAN_POINT('',(105.,6.,4.));
#3769=CARTESIAN_POINT('',(105.,0.,4.));
#3770=CARTESIAN_POINT('',(8.,10.5,4.));
#3771=CARTESIAN_POINT('Origin',(10.5,10.5,4.));
#3772=CARTESIAN_POINT('',(66.,10.5,4.));
#3773=CARTESIAN_POINT('Origin',(68.5,10.5,4.));
#3774=CARTESIAN_POINT('',(8.,59.5,4.));
#3775=CARTESIAN_POINT('Origin',(10.5,59.5,4.));
#3776=CARTESIAN_POINT('',(66.,59.5,4.));
#3777=CARTESIAN_POINT('Origin',(68.5,59.5,4.));
#3778=CARTESIAN_POINT('Origin',(0.,115.,0.));
#3779=CARTESIAN_POINT('Origin',(35.,6.,4.));
#3780=CARTESIAN_POINT('',(35.,6.,34.));
#3781=CARTESIAN_POINT('',(35.,6.,4.));
#3782=CARTESIAN_POINT('',(35.,6.,34.));
#3783=CARTESIAN_POINT('Origin',(70.,3.,34.));
#3784=CARTESIAN_POINT('',(105.,6.,34.));
#3785=CARTESIAN_POINT('',(105.,0.,34.));
#3786=CARTESIAN_POINT('',(105.,6.,34.));
#3787=CARTESIAN_POINT('Origin',(105.,0.,4.));
#3788=CARTESIAN_POINT('',(105.,6.,4.));
#3789=CARTESIAN_POINT('Origin',(70.,-4.22E-15,19.));
#3790=CARTESIAN_POINT('',(67.25,6.,19.));
#3791=CARTESIAN_POINT('Origin',(70.,6.,19.));
#3792=CARTESIAN_POINT('',(67.25,-4.22E-15,19.));
#3793=CARTESIAN_POINT('Origin',(105.,6.,4.));
#3794=CARTESIAN_POINT('Origin',(10.5,10.5,4.));
#3795=CARTESIAN_POINT('',(8.,10.5,12.));
#3796=CARTESIAN_POINT('',(8.,10.5,4.));
#3797=CARTESIAN_POINT('',(10.15,12.975378758897,12.));
#3798=CARTESIAN_POINT('Origin',(10.5,10.5,12.));
#3799=CARTESIAN_POINT('',(10.15,12.975378758897,6.95));
#3800=CARTESIAN_POINT('',(10.15,12.975378758897,4.));
#3801=CARTESIAN_POINT('',(10.85,12.975378758897,6.95));
#3802=CARTESIAN_POINT('Origin',(10.5,10.5,6.95));
#3803=CARTESIAN_POINT('',(10.85,12.975378758897,12.));
#3804=CARTESIAN_POINT('',(10.85,12.975378758897,4.));
#3805=CARTESIAN_POINT('',(10.85,8.024621241103,12.));
#3806=CARTESIAN_POINT('Origin',(10.5,10.5,12.));
#3807=CARTESIAN_POINT('',(10.85,8.024621241103,6.95));
#3808=CARTESIAN_POINT('',(10.85,8.024621241103,4.));
#3809=CARTESIAN_POINT('',(10.15,8.024621241103,6.95));
#3810=CARTESIAN_POINT('Origin',(10.5,10.5,6.95));
#3811=CARTESIAN_POINT('',(10.15,8.024621241103,12.));
#3812=CARTESIAN_POINT('',(10.15,8.024621241103,4.));
#3813=CARTESIAN_POINT('Origin',(10.5,10.5,12.));
#3814=CARTESIAN_POINT('Origin',(68.5,10.5,4.));
#3815=CARTESIAN_POINT('',(66.,10.5,12.));
#3816=CARTESIAN_POINT('',(66.,10.5,4.));
#3817=CARTESIAN_POINT('',(68.15,12.975378758897,12.));
#3818=CARTESIAN_POINT('Origin',(68.5,10.5,12.));
#3819=CARTESIAN_POINT('',(68.15,12.975378758897,6.95));
#3820=CARTESIAN_POINT('',(68.15,12.975378758897,4.));
#3821=CARTESIAN_POINT('',(68.85,12.975378758897,6.95));
#3822=CARTESIAN_POINT('Origin',(68.5,10.5,6.95));
#3823=CARTESIAN_POINT('',(68.85,12.975378758897,12.));
#3824=CARTESIAN_POINT('',(68.85,12.975378758897,4.));
#3825=CARTESIAN_POINT('',(68.85,8.024621241103,12.));
#3826=CARTESIAN_POINT('Origin',(68.5,10.5,12.));
#3827=CARTESIAN_POINT('',(68.85,8.024621241103,6.95));
#3828=CARTESIAN_POINT('',(68.85,8.024621241103,4.));
#3829=CARTESIAN_POINT('',(68.15,8.024621241103,6.95));
#3830=CARTESIAN_POINT('Origin',(68.5,10.5,6.95));
#3831=CARTESIAN_POINT('',(68.15,8.024621241103,12.));
#3832=CARTESIAN_POINT('',(68.15,8.024621241103,4.));
#3833=CARTESIAN_POINT('Origin',(68.5,10.5,12.));
#3834=CARTESIAN_POINT('Origin',(10.5,59.5,4.));
#3835=CARTESIAN_POINT('',(8.,59.5,12.));
#3836=CARTESIAN_POINT('',(8.,59.5,4.));
#3837=CARTESIAN_POINT('',(10.15,61.975378758897,12.));
#3838=CARTESIAN_POINT('Origin',(10.5,59.5,12.));
#3839=CARTESIAN_POINT('',(10.15,61.975378758897,6.95));
#3840=CARTESIAN_POINT('',(10.15,61.975378758897,4.));
#3841=CARTESIAN_POINT('',(10.85,61.975378758897,6.95));
#3842=CARTESIAN_POINT('Origin',(10.5,59.5,6.95));
#3843=CARTESIAN_POINT('',(10.85,61.975378758897,12.));
#3844=CARTESIAN_POINT('',(10.85,61.975378758897,4.));
#3845=CARTESIAN_POINT('',(10.85,57.024621241103,12.));
#3846=CARTESIAN_POINT('Origin',(10.5,59.5,12.));
#3847=CARTESIAN_POINT('',(10.85,57.024621241103,6.95));
#3848=CARTESIAN_POINT('',(10.85,57.024621241103,4.));
#3849=CARTESIAN_POINT('',(10.15,57.024621241103,6.95));
#3850=CARTESIAN_POINT('Origin',(10.5,59.5,6.95));
#3851=CARTESIAN_POINT('',(10.15,57.024621241103,12.));
#3852=CARTESIAN_POINT('',(10.15,57.024621241103,4.));
#3853=CARTESIAN_POINT('Origin',(10.5,59.5,12.));
#3854=CARTESIAN_POINT('Origin',(68.5,59.5,4.));
#3855=CARTESIAN_POINT('',(66.,59.5,12.));
#3856=CARTESIAN_POINT('',(66.,59.5,4.));
#3857=CARTESIAN_POINT('',(68.15,61.975378758897,12.));
#3858=CARTESIAN_POINT('Origin',(68.5,59.5,12.));
#3859=CARTESIAN_POINT('',(68.15,61.975378758898,6.95));
#3860=CARTESIAN_POINT('',(68.15,61.975378758897,4.));
#3861=CARTESIAN_POINT('',(68.85,61.975378758897,6.95));
#3862=CARTESIAN_POINT('Origin',(68.5,59.5,6.95));
#3863=CARTESIAN_POINT('',(68.85,61.975378758897,12.));
#3864=CARTESIAN_POINT('',(68.85,61.975378758897,4.));
#3865=CARTESIAN_POINT('',(68.85,57.024621241103,12.));
#3866=CARTESIAN_POINT('Origin',(68.5,59.5,12.));
#3867=CARTESIAN_POINT('',(68.85,57.024621241103,6.95));
#3868=CARTESIAN_POINT('',(68.85,57.024621241103,4.));
#3869=CARTESIAN_POINT('',(68.15,57.024621241102,6.95));
#3870=CARTESIAN_POINT('Origin',(68.5,59.5,6.95));
#3871=CARTESIAN_POINT('',(68.15,57.024621241103,12.));
#3872=CARTESIAN_POINT('',(68.15,57.024621241103,4.));
#3873=CARTESIAN_POINT('Origin',(68.5,59.5,12.));
#3874=CARTESIAN_POINT('Origin',(39.5,35.,12.));
#3875=CARTESIAN_POINT('',(10.85,11.621661713709,12.));
#3876=CARTESIAN_POINT('',(10.85,21.25,12.));
#3877=CARTESIAN_POINT('',(10.85,9.378338286291,12.));
#3878=CARTESIAN_POINT('Origin',(10.5,10.5,12.));
#3879=CARTESIAN_POINT('',(10.85,21.25,12.));
#3880=CARTESIAN_POINT('Origin',(10.85,7.5,14.95));
#3881=CARTESIAN_POINT('',(10.85,9.510050506339,14.95));
#3882=CARTESIAN_POINT('',(10.85,11.489949493661,14.95));
#3883=CARTESIAN_POINT('',(10.85,7.5,14.95));
#3884=CARTESIAN_POINT('',(10.85,11.907124727947,13.95));
#3885=CARTESIAN_POINT('Ctrl Pts',(10.85,11.9071247279455,13.9499999999994));
#3886=CARTESIAN_POINT('Ctrl Pts',(10.85,11.8833265882083,14.0077361222467));
#3887=CARTESIAN_POINT('Ctrl Pts',(10.85,11.860553193447,14.0629009293146));
#3888=CARTESIAN_POINT('Ctrl Pts',(10.85,11.8386803113848,14.1158048478603));
#3889=CARTESIAN_POINT('Ctrl Pts',(10.85,11.8157880386915,14.1711743655326));
#3890=CARTESIAN_POINT('Ctrl Pts',(10.85,11.7938823198365,14.2240669755529));
#3891=CARTESIAN_POINT('Ctrl Pts',(10.85,11.7728432229908,14.2747823269535));
#3892=CARTESIAN_POINT('Ctrl Pts',(10.85,11.7508159422291,14.3278797242622));
#3893=CARTESIAN_POINT('Ctrl Pts',(10.85,11.7297387468556,14.3785901754637));
#3894=CARTESIAN_POINT('Ctrl Pts',(10.85,11.7094957880179,14.4272030906151));
#3895=CARTESIAN_POINT('Ctrl Pts',(10.85,11.6877340291906,14.4794633626387));
#3896=CARTESIAN_POINT('Ctrl Pts',(10.85,11.6669364427124,14.5292993995408));
#3897=CARTESIAN_POINT('Ctrl Pts',(10.85,11.6469822127654,14.5770129707541));
#3898=CARTESIAN_POINT('Ctrl Pts',(10.85,11.6261979863476,14.6267111886226));
#3899=CARTESIAN_POINT('Ctrl Pts',(10.85,11.6063289077964,14.6741062673387));
#3900=CARTESIAN_POINT('Ctrl Pts',(10.85,11.5872606226859,14.7194837795427));
#3901=CARTESIAN_POINT('Ctrl Pts',(10.85,11.5669293965723,14.7678667597502));
#3902=CARTESIAN_POINT('Ctrl Pts',(10.85,11.5475086462743,14.8139558350952));
#3903=CARTESIAN_POINT('Ctrl Pts',(10.85,11.5288824312702,14.8580404661413));
#3904=CARTESIAN_POINT('Ctrl Pts',(10.85,11.5155068616179,14.8896978400642));
#3905=CARTESIAN_POINT('Ctrl Pts',(10.85,11.5025415029043,14.9203203495805));
#3906=CARTESIAN_POINT('Ctrl Pts',(10.85,11.4899494936596,14.9499999999994));
#3907=CARTESIAN_POINT('',(10.85,11.907124727947,13.8));
#3908=CARTESIAN_POINT('',(10.85,11.907124727947,13.8));
#3909=CARTESIAN_POINT('',(10.85,11.621661713709,13.8));
#3910=CARTESIAN_POINT('',(10.85,21.25,13.8));
#3911=CARTESIAN_POINT('',(10.85,11.621661713709,12.));
#3912=CARTESIAN_POINT('',(10.85,7.5,6.95));
#3913=CARTESIAN_POINT('',(10.85,9.378338286291,13.8));
#3914=CARTESIAN_POINT('',(10.85,9.378338286291,12.));
#3915=CARTESIAN_POINT('',(10.85,9.092875272053,13.8));
#3916=CARTESIAN_POINT('',(10.85,21.25,13.8));
#3917=CARTESIAN_POINT('',(10.85,9.092875272053,13.95));
#3918=CARTESIAN_POINT('',(10.85,9.092875272053,13.8));
#3919=CARTESIAN_POINT('Ctrl Pts',(10.85,9.51005050633863,14.9500000000002));
#3920=CARTESIAN_POINT('Ctrl Pts',(10.85,9.49239927591542,14.908395650905));
#3921=CARTESIAN_POINT('Ctrl Pts',(10.85,9.47401517084306,14.8649404769305));
#3922=CARTESIAN_POINT('Ctrl Pts',(10.85,9.45479402430264,14.8193744679827));
#3923=CARTESIAN_POINT('Ctrl Pts',(10.85,9.43649919719653,14.7760044091851));
#3924=CARTESIAN_POINT('Ctrl Pts',(10.85,9.41744617596358,14.7307223485489));
#3925=CARTESIAN_POINT('Ctrl Pts',(10.85,9.3975279220269,14.6832610306365));
#3926=CARTESIAN_POINT('Ctrl Pts',(10.85,9.37856080487312,14.6380660863417));
#3927=CARTESIAN_POINT('Ctrl Pts',(10.85,9.35880923060607,14.5908953316057));
#3928=CARTESIAN_POINT('Ctrl Pts',(10.85,9.3381631578412,14.5414739495547));
#3929=CARTESIAN_POINT('Ctrl Pts',(10.85,9.31898020854226,14.4955549083421));
#3930=CARTESIAN_POINT('Ctrl Pts',(10.85,9.29902508407393,14.4476930141108));
#3931=CARTESIAN_POINT('Ctrl Pts',(10.85,9.27819301738675,14.397626573369));
#3932=CARTESIAN_POINT('Ctrl Pts',(10.85,9.25818627790401,14.3495436706118));
#3933=CARTESIAN_POINT('Ctrl Pts',(10.85,9.23737083331615,14.2994277609182));
#3934=CARTESIAN_POINT('Ctrl Pts',(10.85,9.21563680175115,14.2470043334846));
#3935=CARTESIAN_POINT('Ctrl Pts',(10.85,9.19527744167953,14.1978966733565));
#3936=CARTESIAN_POINT('Ctrl Pts',(10.85,9.1741120721843,14.1467642929751));
#3937=CARTESIAN_POINT('Ctrl Pts',(10.85,9.15203393886411,14.0933404621742));
#3938=CARTESIAN_POINT('Ctrl Pts',(10.85,9.13301822953954,14.0473269689688));
#3939=CARTESIAN_POINT('Ctrl Pts',(10.85,9.11332526357084,13.9996132564682));
#3940=CARTESIAN_POINT('Ctrl Pts',(10.85,9.09287527205271,13.9500000000001));
#3941=CARTESIAN_POINT('Origin',(10.5,10.5,6.95));
#3942=CARTESIAN_POINT('',(10.15,13.5,6.95));
#3943=CARTESIAN_POINT('Origin',(10.15,13.5,14.95));
#3944=CARTESIAN_POINT('',(10.15,11.489949493661,14.95));
#3945=CARTESIAN_POINT('',(10.15,9.510050506339,14.95));
#3946=CARTESIAN_POINT('',(10.15,13.5,14.95));
#3947=CARTESIAN_POINT('',(10.15,9.092875272053,13.95));
#3948=CARTESIAN_POINT('Ctrl Pts',(10.15,9.09287527205465,13.9499999999993));
#3949=CARTESIAN_POINT('Ctrl Pts',(10.15,9.1166734117919,14.0077361222466));
#3950=CARTESIAN_POINT('Ctrl Pts',(10.15,9.1394468065532,14.0629009293146));
#3951=CARTESIAN_POINT('Ctrl Pts',(10.15,9.16131968861541,14.1158048478602));
#3952=CARTESIAN_POINT('Ctrl Pts',(10.15,9.18421196130867,14.1711743655325));
#3953=CARTESIAN_POINT('Ctrl Pts',(10.15,9.20611768016369,14.2240669755529));
#3954=CARTESIAN_POINT('Ctrl Pts',(10.15,9.22715677700937,14.2747823269535));
#3955=CARTESIAN_POINT('Ctrl Pts',(10.15,9.24918405777114,14.3278797242622));
#3956=CARTESIAN_POINT('Ctrl Pts',(10.15,9.27026125314466,14.3785901754636));
#3957=CARTESIAN_POINT('Ctrl Pts',(10.15,9.29050421198229,14.427203090615));
#3958=CARTESIAN_POINT('Ctrl Pts',(10.15,9.31226597080963,14.4794633626387));
#3959=CARTESIAN_POINT('Ctrl Pts',(10.15,9.33306355728783,14.5292993995408));
#3960=CARTESIAN_POINT('Ctrl Pts',(10.15,9.3530177872348,14.577012970754));
#3961=CARTESIAN_POINT('Ctrl Pts',(10.15,9.37380201365266,14.6267111886225));
#3962=CARTESIAN_POINT('Ctrl Pts',(10.15,9.39367109220383,14.6741062673387));
#3963=CARTESIAN_POINT('Ctrl Pts',(10.15,9.41273937731432,14.7194837795427));
#3964=CARTESIAN_POINT('Ctrl Pts',(10.15,9.43307060342793,14.7678667597502));
#3965=CARTESIAN_POINT('Ctrl Pts',(10.15,9.45249135372596,14.8139558350952));
#3966=CARTESIAN_POINT('Ctrl Pts',(10.15,9.47111756873002,14.8580404661413));
#3967=CARTESIAN_POINT('Ctrl Pts',(10.15,9.4844931383823,14.8896978400642));
#3968=CARTESIAN_POINT('Ctrl Pts',(10.15,9.49745849709591,14.9203203495805));
#3969=CARTESIAN_POINT('Ctrl Pts',(10.15,9.51005050634056,14.9499999999993));
#3970=CARTESIAN_POINT('',(10.15,9.092875272053,13.8));
#3971=CARTESIAN_POINT('',(10.15,9.092875272053,13.8));
#3972=CARTESIAN_POINT('',(10.15,9.378338286291,13.8));
#3973=CARTESIAN_POINT('',(10.15,24.25,13.8));
#3974=CARTESIAN_POINT('',(10.15,9.378338286291,12.));
#3975=CARTESIAN_POINT('',(10.15,9.378338286291,12.));
#3976=CARTESIAN_POINT('',(10.15,24.25,12.));
#3977=CARTESIAN_POINT('',(10.15,11.621661713709,12.));
#3978=CARTESIAN_POINT('',(10.15,24.25,12.));
#3979=CARTESIAN_POINT('',(10.15,11.621661713709,13.8));
#3980=CARTESIAN_POINT('',(10.15,11.621661713709,12.));
#3981=CARTESIAN_POINT('',(10.15,11.907124727947,13.8));
#3982=CARTESIAN_POINT('',(10.15,24.25,13.8));
#3983=CARTESIAN_POINT('',(10.15,11.907124727947,13.95));
#3984=CARTESIAN_POINT('',(10.15,11.907124727947,13.8));
#3985=CARTESIAN_POINT('Ctrl Pts',(10.15,11.4899494936616,14.9500000000002));
#3986=CARTESIAN_POINT('Ctrl Pts',(10.15,11.5076007240848,14.9083956509051));
#3987=CARTESIAN_POINT('Ctrl Pts',(10.15,11.5259848291571,14.8649404769306));
#3988=CARTESIAN_POINT('Ctrl Pts',(10.15,11.5452059756976,14.8193744679828));
#3989=CARTESIAN_POINT('Ctrl Pts',(10.15,11.5635008028037,14.7760044091851));
#3990=CARTESIAN_POINT('Ctrl Pts',(10.15,11.5825538240366,14.7307223485489));
#3991=CARTESIAN_POINT('Ctrl Pts',(10.15,11.6024720779733,14.6832610306365));
#3992=CARTESIAN_POINT('Ctrl Pts',(10.15,11.6214391951271,14.6380660863417));
#3993=CARTESIAN_POINT('Ctrl Pts',(10.15,11.6411907693941,14.5908953316057));
#3994=CARTESIAN_POINT('Ctrl Pts',(10.15,11.661836842159,14.5414739495547));
#3995=CARTESIAN_POINT('Ctrl Pts',(10.15,11.6810197914579,14.4955549083422));
#3996=CARTESIAN_POINT('Ctrl Pts',(10.15,11.7009749159263,14.4476930141108));
#3997=CARTESIAN_POINT('Ctrl Pts',(10.15,11.7218069826135,14.397626573369));
#3998=CARTESIAN_POINT('Ctrl Pts',(10.15,11.7418137220962,14.3495436706119));
#3999=CARTESIAN_POINT('Ctrl Pts',(10.15,11.762629166684,14.2994277609183));
#4000=CARTESIAN_POINT('Ctrl Pts',(10.15,11.784363198249,14.2470043334847));
#4001=CARTESIAN_POINT('Ctrl Pts',(10.15,11.8047225583207,14.1978966733565));
#4002=CARTESIAN_POINT('Ctrl Pts',(10.15,11.8258879278159,14.1467642929752));
#4003=CARTESIAN_POINT('Ctrl Pts',(10.15,11.8479660611361,14.0933404621743));
#4004=CARTESIAN_POINT('Ctrl Pts',(10.15,11.8669817704607,14.0473269689689));
#4005=CARTESIAN_POINT('Ctrl Pts',(10.15,11.8866747364294,13.9996132564682));
#4006=CARTESIAN_POINT('Ctrl Pts',(10.15,11.9071247279475,13.9500000000002));
#4007=CARTESIAN_POINT('Origin',(39.5,35.,12.));
#4008=CARTESIAN_POINT('Origin',(10.5,10.5,12.));
#4009=CARTESIAN_POINT('Origin',(39.5,35.,12.));
#4010=CARTESIAN_POINT('',(68.85,11.621661713709,12.));
#4011=CARTESIAN_POINT('',(68.85,21.25,12.));
#4012=CARTESIAN_POINT('',(68.85,9.378338286291,12.));
#4013=CARTESIAN_POINT('Origin',(68.5,10.5,12.));
#4014=CARTESIAN_POINT('',(68.85,21.25,12.));
#4015=CARTESIAN_POINT('Origin',(68.85,7.5,14.95));
#4016=CARTESIAN_POINT('',(68.85,9.510050506339,14.95));
#4017=CARTESIAN_POINT('',(68.85,11.489949493661,14.95));
#4018=CARTESIAN_POINT('',(68.85,7.5,14.95));
#4019=CARTESIAN_POINT('',(68.85,11.907124727947,13.95));
#4020=CARTESIAN_POINT('Ctrl Pts',(68.85,11.9071247279455,13.9499999999994));
#4021=CARTESIAN_POINT('Ctrl Pts',(68.85,11.8833265882083,14.0077361222467));
#4022=CARTESIAN_POINT('Ctrl Pts',(68.85,11.860553193447,14.0629009293146));
#4023=CARTESIAN_POINT('Ctrl Pts',(68.85,11.8386803113848,14.1158048478603));
#4024=CARTESIAN_POINT('Ctrl Pts',(68.85,11.8157880386915,14.1711743655326));
#4025=CARTESIAN_POINT('Ctrl Pts',(68.85,11.7938823198365,14.2240669755529));
#4026=CARTESIAN_POINT('Ctrl Pts',(68.85,11.7728432229908,14.2747823269535));
#4027=CARTESIAN_POINT('Ctrl Pts',(68.85,11.7508159422291,14.3278797242622));
#4028=CARTESIAN_POINT('Ctrl Pts',(68.85,11.7297387468556,14.3785901754637));
#4029=CARTESIAN_POINT('Ctrl Pts',(68.85,11.7094957880179,14.4272030906151));
#4030=CARTESIAN_POINT('Ctrl Pts',(68.85,11.6877340291906,14.4794633626387));
#4031=CARTESIAN_POINT('Ctrl Pts',(68.85,11.6669364427124,14.5292993995408));
#4032=CARTESIAN_POINT('Ctrl Pts',(68.85,11.6469822127654,14.5770129707541));
#4033=CARTESIAN_POINT('Ctrl Pts',(68.85,11.6261979863476,14.6267111886226));
#4034=CARTESIAN_POINT('Ctrl Pts',(68.85,11.6063289077964,14.6741062673387));
#4035=CARTESIAN_POINT('Ctrl Pts',(68.85,11.5872606226859,14.7194837795427));
#4036=CARTESIAN_POINT('Ctrl Pts',(68.85,11.5669293965723,14.7678667597502));
#4037=CARTESIAN_POINT('Ctrl Pts',(68.85,11.5475086462743,14.8139558350952));
#4038=CARTESIAN_POINT('Ctrl Pts',(68.85,11.5288824312702,14.8580404661413));
#4039=CARTESIAN_POINT('Ctrl Pts',(68.85,11.5155068616179,14.8896978400642));
#4040=CARTESIAN_POINT('Ctrl Pts',(68.85,11.5025415029043,14.9203203495805));
#4041=CARTESIAN_POINT('Ctrl Pts',(68.85,11.4899494936596,14.9499999999994));
#4042=CARTESIAN_POINT('',(68.85,11.907124727947,13.8));
#4043=CARTESIAN_POINT('',(68.85,11.907124727947,13.8));
#4044=CARTESIAN_POINT('',(68.85,11.621661713709,13.8));
#4045=CARTESIAN_POINT('',(68.85,21.25,13.8));
#4046=CARTESIAN_POINT('',(68.85,11.621661713709,12.));
#4047=CARTESIAN_POINT('',(68.85,7.5,6.95));
#4048=CARTESIAN_POINT('',(68.85,9.378338286291,13.8));
#4049=CARTESIAN_POINT('',(68.85,9.378338286291,12.));
#4050=CARTESIAN_POINT('',(68.85,9.092875272053,13.8));
#4051=CARTESIAN_POINT('',(68.85,21.25,13.8));
#4052=CARTESIAN_POINT('',(68.85,9.092875272053,13.95));
#4053=CARTESIAN_POINT('',(68.85,9.092875272053,13.8));
#4054=CARTESIAN_POINT('Ctrl Pts',(68.85,9.51005050633863,14.9500000000002));
#4055=CARTESIAN_POINT('Ctrl Pts',(68.85,9.49239927591542,14.908395650905));
#4056=CARTESIAN_POINT('Ctrl Pts',(68.85,9.47401517084306,14.8649404769305));
#4057=CARTESIAN_POINT('Ctrl Pts',(68.85,9.45479402430264,14.8193744679827));
#4058=CARTESIAN_POINT('Ctrl Pts',(68.85,9.43649919719653,14.7760044091851));
#4059=CARTESIAN_POINT('Ctrl Pts',(68.85,9.41744617596358,14.7307223485489));
#4060=CARTESIAN_POINT('Ctrl Pts',(68.85,9.3975279220269,14.6832610306365));
#4061=CARTESIAN_POINT('Ctrl Pts',(68.85,9.37856080487312,14.6380660863417));
#4062=CARTESIAN_POINT('Ctrl Pts',(68.85,9.35880923060607,14.5908953316057));
#4063=CARTESIAN_POINT('Ctrl Pts',(68.85,9.3381631578412,14.5414739495547));
#4064=CARTESIAN_POINT('Ctrl Pts',(68.85,9.31898020854226,14.4955549083421));
#4065=CARTESIAN_POINT('Ctrl Pts',(68.85,9.29902508407393,14.4476930141108));
#4066=CARTESIAN_POINT('Ctrl Pts',(68.85,9.27819301738675,14.397626573369));
#4067=CARTESIAN_POINT('Ctrl Pts',(68.85,9.25818627790401,14.3495436706118));
#4068=CARTESIAN_POINT('Ctrl Pts',(68.85,9.23737083331615,14.2994277609182));
#4069=CARTESIAN_POINT('Ctrl Pts',(68.85,9.21563680175115,14.2470043334846));
#4070=CARTESIAN_POINT('Ctrl Pts',(68.85,9.19527744167953,14.1978966733565));
#4071=CARTESIAN_POINT('Ctrl Pts',(68.85,9.1741120721843,14.1467642929751));
#4072=CARTESIAN_POINT('Ctrl Pts',(68.85,9.15203393886411,14.0933404621742));
#4073=CARTESIAN_POINT('Ctrl Pts',(68.85,9.13301822953954,14.0473269689688));
#4074=CARTESIAN_POINT('Ctrl Pts',(68.85,9.11332526357084,13.9996132564682));
#4075=CARTESIAN_POINT('Ctrl Pts',(68.85,9.09287527205271,13.9500000000001));
#4076=CARTESIAN_POINT('Origin',(68.5,10.5,6.95));
#4077=CARTESIAN_POINT('',(68.15,13.5,6.95));
#4078=CARTESIAN_POINT('Origin',(68.15,13.5,14.95));
#4079=CARTESIAN_POINT('',(68.15,11.489949493661,14.95));
#4080=CARTESIAN_POINT('',(68.15,9.510050506339,14.95));
#4081=CARTESIAN_POINT('',(68.15,13.5,14.95));
#4082=CARTESIAN_POINT('',(68.15,9.092875272053,13.95));
#4083=CARTESIAN_POINT('Ctrl Pts',(68.15,9.09287527205465,13.9499999999993));
#4084=CARTESIAN_POINT('Ctrl Pts',(68.15,9.1166734117919,14.0077361222466));
#4085=CARTESIAN_POINT('Ctrl Pts',(68.15,9.1394468065532,14.0629009293146));
#4086=CARTESIAN_POINT('Ctrl Pts',(68.15,9.16131968861541,14.1158048478602));
#4087=CARTESIAN_POINT('Ctrl Pts',(68.15,9.18421196130867,14.1711743655325));
#4088=CARTESIAN_POINT('Ctrl Pts',(68.15,9.20611768016369,14.2240669755529));
#4089=CARTESIAN_POINT('Ctrl Pts',(68.15,9.22715677700937,14.2747823269535));
#4090=CARTESIAN_POINT('Ctrl Pts',(68.15,9.24918405777114,14.3278797242622));
#4091=CARTESIAN_POINT('Ctrl Pts',(68.15,9.27026125314466,14.3785901754636));
#4092=CARTESIAN_POINT('Ctrl Pts',(68.15,9.29050421198229,14.427203090615));
#4093=CARTESIAN_POINT('Ctrl Pts',(68.15,9.31226597080963,14.4794633626387));
#4094=CARTESIAN_POINT('Ctrl Pts',(68.15,9.33306355728783,14.5292993995408));
#4095=CARTESIAN_POINT('Ctrl Pts',(68.15,9.3530177872348,14.577012970754));
#4096=CARTESIAN_POINT('Ctrl Pts',(68.15,9.37380201365266,14.6267111886225));
#4097=CARTESIAN_POINT('Ctrl Pts',(68.15,9.39367109220383,14.6741062673387));
#4098=CARTESIAN_POINT('Ctrl Pts',(68.15,9.41273937731432,14.7194837795427));
#4099=CARTESIAN_POINT('Ctrl Pts',(68.15,9.43307060342793,14.7678667597502));
#4100=CARTESIAN_POINT('Ctrl Pts',(68.15,9.45249135372596,14.8139558350952));
#4101=CARTESIAN_POINT('Ctrl Pts',(68.15,9.47111756873002,14.8580404661413));
#4102=CARTESIAN_POINT('Ctrl Pts',(68.15,9.4844931383823,14.8896978400642));
#4103=CARTESIAN_POINT('Ctrl Pts',(68.15,9.49745849709591,14.9203203495805));
#4104=CARTESIAN_POINT('Ctrl Pts',(68.15,9.51005050634056,14.9499999999993));
#4105=CARTESIAN_POINT('',(68.15,9.092875272053,13.8));
#4106=CARTESIAN_POINT('',(68.15,9.092875272053,13.8));
#4107=CARTESIAN_POINT('',(68.15,9.378338286291,13.8));
#4108=CARTESIAN_POINT('',(68.15,24.25,13.8));
#4109=CARTESIAN_POINT('',(68.15,9.378338286291,12.));
#4110=CARTESIAN_POINT('',(68.15,9.378338286291,12.));
#4111=CARTESIAN_POINT('',(68.15,24.25,12.));
#4112=CARTESIAN_POINT('',(68.15,11.621661713709,12.));
#4113=CARTESIAN_POINT('',(68.15,24.25,12.));
#4114=CARTESIAN_POINT('',(68.15,11.621661713709,13.8));
#4115=CARTESIAN_POINT('',(68.15,11.621661713709,12.));
#4116=CARTESIAN_POINT('',(68.15,11.907124727947,13.8));
#4117=CARTESIAN_POINT('',(68.15,24.25,13.8));
#4118=CARTESIAN_POINT('',(68.15,11.907124727947,13.95));
#4119=CARTESIAN_POINT('',(68.15,11.907124727947,13.8));
#4120=CARTESIAN_POINT('Ctrl Pts',(68.15,11.4899494936616,14.9500000000002));
#4121=CARTESIAN_POINT('Ctrl Pts',(68.15,11.5076007240848,14.9083956509051));
#4122=CARTESIAN_POINT('Ctrl Pts',(68.15,11.5259848291571,14.8649404769306));
#4123=CARTESIAN_POINT('Ctrl Pts',(68.15,11.5452059756976,14.8193744679828));
#4124=CARTESIAN_POINT('Ctrl Pts',(68.15,11.5635008028037,14.7760044091851));
#4125=CARTESIAN_POINT('Ctrl Pts',(68.15,11.5825538240366,14.7307223485489));
#4126=CARTESIAN_POINT('Ctrl Pts',(68.15,11.6024720779733,14.6832610306365));
#4127=CARTESIAN_POINT('Ctrl Pts',(68.15,11.6214391951271,14.6380660863417));
#4128=CARTESIAN_POINT('Ctrl Pts',(68.15,11.6411907693941,14.5908953316057));
#4129=CARTESIAN_POINT('Ctrl Pts',(68.15,11.661836842159,14.5414739495547));
#4130=CARTESIAN_POINT('Ctrl Pts',(68.15,11.6810197914579,14.4955549083422));
#4131=CARTESIAN_POINT('Ctrl Pts',(68.15,11.7009749159263,14.4476930141108));
#4132=CARTESIAN_POINT('Ctrl Pts',(68.15,11.7218069826135,14.397626573369));
#4133=CARTESIAN_POINT('Ctrl Pts',(68.15,11.7418137220962,14.3495436706119));
#4134=CARTESIAN_POINT('Ctrl Pts',(68.15,11.762629166684,14.2994277609183));
#4135=CARTESIAN_POINT('Ctrl Pts',(68.15,11.784363198249,14.2470043334847));
#4136=CARTESIAN_POINT('Ctrl Pts',(68.15,11.8047225583207,14.1978966733565));
#4137=CARTESIAN_POINT('Ctrl Pts',(68.15,11.8258879278159,14.1467642929752));
#4138=CARTESIAN_POINT('Ctrl Pts',(68.15,11.8479660611361,14.0933404621743));
#4139=CARTESIAN_POINT('Ctrl Pts',(68.15,11.8669817704607,14.0473269689689));
#4140=CARTESIAN_POINT('Ctrl Pts',(68.15,11.8866747364294,13.9996132564682));
#4141=CARTESIAN_POINT('Ctrl Pts',(68.15,11.9071247279475,13.9500000000002));
#4142=CARTESIAN_POINT('Origin',(39.5,35.,12.));
#4143=CARTESIAN_POINT('Origin',(68.5,10.5,12.));
#4144=CARTESIAN_POINT('Origin',(39.5,35.,12.));
#4145=CARTESIAN_POINT('',(10.85,60.621661713709,12.));
#4146=CARTESIAN_POINT('',(10.85,45.75,12.));
#4147=CARTESIAN_POINT('',(10.85,58.378338286291,12.));
#4148=CARTESIAN_POINT('Origin',(10.5,59.5,12.));
#4149=CARTESIAN_POINT('',(10.85,45.75,12.));
#4150=CARTESIAN_POINT('Origin',(10.85,56.5,14.95));
#4151=CARTESIAN_POINT('',(10.85,58.510050506339,14.95));
#4152=CARTESIAN_POINT('',(10.85,60.489949493661,14.95));
#4153=CARTESIAN_POINT('',(10.85,56.5,14.95));
#4154=CARTESIAN_POINT('',(10.85,60.907124727947,13.95));
#4155=CARTESIAN_POINT('Ctrl Pts',(10.85,60.9071247279454,13.9499999999993));
#4156=CARTESIAN_POINT('Ctrl Pts',(10.85,60.8833265882081,14.0077361222466));
#4157=CARTESIAN_POINT('Ctrl Pts',(10.85,60.8605531934468,14.0629009293146));
#4158=CARTESIAN_POINT('Ctrl Pts',(10.85,60.8386803113846,14.1158048478602));
#4159=CARTESIAN_POINT('Ctrl Pts',(10.85,60.8157880386913,14.1711743655325));
#4160=CARTESIAN_POINT('Ctrl Pts',(10.85,60.7938823198363,14.2240669755529));
#4161=CARTESIAN_POINT('Ctrl Pts',(10.85,60.7728432229906,14.2747823269535));
#4162=CARTESIAN_POINT('Ctrl Pts',(10.85,60.7508159422289,14.3278797242622));
#4163=CARTESIAN_POINT('Ctrl Pts',(10.85,60.7297387468554,14.3785901754636));
#4164=CARTESIAN_POINT('Ctrl Pts',(10.85,60.7094957880177,14.427203090615));
#4165=CARTESIAN_POINT('Ctrl Pts',(10.85,60.6877340291904,14.4794633626387));
#4166=CARTESIAN_POINT('Ctrl Pts',(10.85,60.6669364427122,14.5292993995407));
#4167=CARTESIAN_POINT('Ctrl Pts',(10.85,60.6469822127652,14.577012970754));
#4168=CARTESIAN_POINT('Ctrl Pts',(10.85,60.6261979863474,14.6267111886225));
#4169=CARTESIAN_POINT('Ctrl Pts',(10.85,60.6063289077962,14.6741062673386));
#4170=CARTESIAN_POINT('Ctrl Pts',(10.85,60.5872606226857,14.7194837795426));
#4171=CARTESIAN_POINT('Ctrl Pts',(10.85,60.5669293965721,14.7678667597502));
#4172=CARTESIAN_POINT('Ctrl Pts',(10.85,60.5475086462741,14.8139558350951));
#4173=CARTESIAN_POINT('Ctrl Pts',(10.85,60.52888243127,14.8580404661412));
#4174=CARTESIAN_POINT('Ctrl Pts',(10.85,60.5155068616177,14.8896978400641));
#4175=CARTESIAN_POINT('Ctrl Pts',(10.85,60.5025415029041,14.9203203495805));
#4176=CARTESIAN_POINT('Ctrl Pts',(10.85,60.4899494936594,14.9499999999993));
#4177=CARTESIAN_POINT('',(10.85,60.907124727947,13.8));
#4178=CARTESIAN_POINT('',(10.85,60.907124727947,13.8));
#4179=CARTESIAN_POINT('',(10.85,60.621661713709,13.8));
#4180=CARTESIAN_POINT('',(10.85,45.75,13.8));
#4181=CARTESIAN_POINT('',(10.85,60.621661713709,12.));
#4182=CARTESIAN_POINT('',(10.85,56.5,6.95));
#4183=CARTESIAN_POINT('',(10.85,58.378338286291,13.8));
#4184=CARTESIAN_POINT('',(10.85,58.378338286291,12.));
#4185=CARTESIAN_POINT('',(10.85,58.092875272053,13.8));
#4186=CARTESIAN_POINT('',(10.85,45.75,13.8));
#4187=CARTESIAN_POINT('',(10.85,58.092875272053,13.95));
#4188=CARTESIAN_POINT('',(10.85,58.092875272053,13.8));
#4189=CARTESIAN_POINT('Ctrl Pts',(10.85,58.5100505063384,14.9500000000002));
#4190=CARTESIAN_POINT('Ctrl Pts',(10.85,58.4923992759152,14.9083956509051));
#4191=CARTESIAN_POINT('Ctrl Pts',(10.85,58.4740151708429,14.8649404769306));
#4192=CARTESIAN_POINT('Ctrl Pts',(10.85,58.4547940243025,14.8193744679828));
#4193=CARTESIAN_POINT('Ctrl Pts',(10.85,58.4364991971963,14.7760044091852));
#4194=CARTESIAN_POINT('Ctrl Pts',(10.85,58.4174461759634,14.730722348549));
#4195=CARTESIAN_POINT('Ctrl Pts',(10.85,58.3975279220267,14.6832610306366));
#4196=CARTESIAN_POINT('Ctrl Pts',(10.85,58.3785608048729,14.6380660863418));
#4197=CARTESIAN_POINT('Ctrl Pts',(10.85,58.3588092306059,14.5908953316058));
#4198=CARTESIAN_POINT('Ctrl Pts',(10.85,58.338163157841,14.5414739495548));
#4199=CARTESIAN_POINT('Ctrl Pts',(10.85,58.3189802085421,14.4955549083423));
#4200=CARTESIAN_POINT('Ctrl Pts',(10.85,58.2990250840738,14.4476930141109));
#4201=CARTESIAN_POINT('Ctrl Pts',(10.85,58.2781930173866,14.3976265733691));
#4202=CARTESIAN_POINT('Ctrl Pts',(10.85,58.2581862779038,14.349543670612));
#4203=CARTESIAN_POINT('Ctrl Pts',(10.85,58.237370833316,14.2994277609184));
#4204=CARTESIAN_POINT('Ctrl Pts',(10.85,58.215636801751,14.2470043334848));
#4205=CARTESIAN_POINT('Ctrl Pts',(10.85,58.1952774416794,14.1978966733567));
#4206=CARTESIAN_POINT('Ctrl Pts',(10.85,58.1741120721842,14.1467642929753));
#4207=CARTESIAN_POINT('Ctrl Pts',(10.85,58.152033938864,14.0933404621744));
#4208=CARTESIAN_POINT('Ctrl Pts',(10.85,58.1330182295394,14.047326968969));
#4209=CARTESIAN_POINT('Ctrl Pts',(10.85,58.1133252635707,13.9996132564683));
#4210=CARTESIAN_POINT('Ctrl Pts',(10.85,58.0928752720525,13.9500000000002));
#4211=CARTESIAN_POINT('Origin',(10.5,59.5,6.95));
#4212=CARTESIAN_POINT('',(10.15,62.5,6.95));
#4213=CARTESIAN_POINT('Origin',(10.15,62.5,14.95));
#4214=CARTESIAN_POINT('',(10.15,60.489949493661,14.95));
#4215=CARTESIAN_POINT('',(10.15,58.510050506339,14.95));
#4216=CARTESIAN_POINT('',(10.15,62.5,14.95));
#4217=CARTESIAN_POINT('',(10.15,58.092875272053,13.95));
#4218=CARTESIAN_POINT('Ctrl Pts',(10.15,58.0928752720545,13.9499999999994));
#4219=CARTESIAN_POINT('Ctrl Pts',(10.15,58.1166734117917,14.0077361222467));
#4220=CARTESIAN_POINT('Ctrl Pts',(10.15,58.139446806553,14.0629009293146));
#4221=CARTESIAN_POINT('Ctrl Pts',(10.15,58.1613196886152,14.1158048478603));
#4222=CARTESIAN_POINT('Ctrl Pts',(10.15,58.1842119613085,14.1711743655326));
#4223=CARTESIAN_POINT('Ctrl Pts',(10.15,58.2061176801635,14.224066975553));
#4224=CARTESIAN_POINT('Ctrl Pts',(10.15,58.2271567770092,14.2747823269535));
#4225=CARTESIAN_POINT('Ctrl Pts',(10.15,58.2491840577709,14.3278797242623));
#4226=CARTESIAN_POINT('Ctrl Pts',(10.15,58.2702612531445,14.3785901754637));
#4227=CARTESIAN_POINT('Ctrl Pts',(10.15,58.2905042119821,14.4272030906151));
#4228=CARTESIAN_POINT('Ctrl Pts',(10.15,58.3122659708094,14.4794633626388));
#4229=CARTESIAN_POINT('Ctrl Pts',(10.15,58.3330635572877,14.5292993995409));
#4230=CARTESIAN_POINT('Ctrl Pts',(10.15,58.3530177872346,14.5770129707542));
#4231=CARTESIAN_POINT('Ctrl Pts',(10.15,58.3738020136525,14.6267111886227));
#4232=CARTESIAN_POINT('Ctrl Pts',(10.15,58.3936710922037,14.6741062673388));
#4233=CARTESIAN_POINT('Ctrl Pts',(10.15,58.4127393773141,14.7194837795428));
#4234=CARTESIAN_POINT('Ctrl Pts',(10.15,58.4330706034277,14.7678667597503));
#4235=CARTESIAN_POINT('Ctrl Pts',(10.15,58.4524913537258,14.8139558350953));
#4236=CARTESIAN_POINT('Ctrl Pts',(10.15,58.4711175687298,14.8580404661414));
#4237=CARTESIAN_POINT('Ctrl Pts',(10.15,58.4844931383821,14.8896978400643));
#4238=CARTESIAN_POINT('Ctrl Pts',(10.15,58.4974584970957,14.9203203495806));
#4239=CARTESIAN_POINT('Ctrl Pts',(10.15,58.5100505063404,14.9499999999994));
#4240=CARTESIAN_POINT('',(10.15,58.092875272053,13.8));
#4241=CARTESIAN_POINT('',(10.15,58.092875272053,13.8));
#4242=CARTESIAN_POINT('',(10.15,58.378338286291,13.8));
#4243=CARTESIAN_POINT('',(10.15,48.75,13.8));
#4244=CARTESIAN_POINT('',(10.15,58.378338286291,12.));
#4245=CARTESIAN_POINT('',(10.15,58.378338286291,12.));
#4246=CARTESIAN_POINT('',(10.15,48.75,12.));
#4247=CARTESIAN_POINT('',(10.15,60.621661713709,12.));
#4248=CARTESIAN_POINT('',(10.15,48.75,12.));
#4249=CARTESIAN_POINT('',(10.15,60.621661713709,13.8));
#4250=CARTESIAN_POINT('',(10.15,60.621661713709,12.));
#4251=CARTESIAN_POINT('',(10.15,60.907124727947,13.8));
#4252=CARTESIAN_POINT('',(10.15,48.75,13.8));
#4253=CARTESIAN_POINT('',(10.15,60.907124727947,13.95));
#4254=CARTESIAN_POINT('',(10.15,60.907124727947,13.8));
#4255=CARTESIAN_POINT('Ctrl Pts',(10.15,60.4899494936614,14.9500000000002));
#4256=CARTESIAN_POINT('Ctrl Pts',(10.15,60.5076007240846,14.908395650905));
#4257=CARTESIAN_POINT('Ctrl Pts',(10.15,60.5259848291569,14.8649404769305));
#4258=CARTESIAN_POINT('Ctrl Pts',(10.15,60.5452059756974,14.8193744679827));
#4259=CARTESIAN_POINT('Ctrl Pts',(10.15,60.5635008028035,14.776004409185));
#4260=CARTESIAN_POINT('Ctrl Pts',(10.15,60.5825538240365,14.7307223485488));
#4261=CARTESIAN_POINT('Ctrl Pts',(10.15,60.6024720779731,14.6832610306364));
#4262=CARTESIAN_POINT('Ctrl Pts',(10.15,60.6214391951269,14.6380660863416));
#4263=CARTESIAN_POINT('Ctrl Pts',(10.15,60.641190769394,14.5908953316056));
#4264=CARTESIAN_POINT('Ctrl Pts',(10.15,60.6618368421588,14.5414739495546));
#4265=CARTESIAN_POINT('Ctrl Pts',(10.15,60.6810197914578,14.4955549083421));
#4266=CARTESIAN_POINT('Ctrl Pts',(10.15,60.7009749159261,14.4476930141107));
#4267=CARTESIAN_POINT('Ctrl Pts',(10.15,60.7218069826133,14.3976265733689));
#4268=CARTESIAN_POINT('Ctrl Pts',(10.15,60.741813722096,14.3495436706118));
#4269=CARTESIAN_POINT('Ctrl Pts',(10.15,60.7626291666839,14.2994277609181));
#4270=CARTESIAN_POINT('Ctrl Pts',(10.15,60.7843631982489,14.2470043334845));
#4271=CARTESIAN_POINT('Ctrl Pts',(10.15,60.8047225583205,14.1978966733564));
#4272=CARTESIAN_POINT('Ctrl Pts',(10.15,60.8258879278157,14.146764292975));
#4273=CARTESIAN_POINT('Ctrl Pts',(10.15,60.8479660611359,14.0933404621741));
#4274=CARTESIAN_POINT('Ctrl Pts',(10.15,60.8669817704605,14.0473269689687));
#4275=CARTESIAN_POINT('Ctrl Pts',(10.15,60.8866747364292,13.9996132564681));
#4276=CARTESIAN_POINT('Ctrl Pts',(10.15,60.9071247279473,13.9500000000001));
#4277=CARTESIAN_POINT('Origin',(39.5,35.,12.));
#4278=CARTESIAN_POINT('Origin',(10.5,59.5,12.));
#4279=CARTESIAN_POINT('Origin',(39.5,35.,12.));
#4280=CARTESIAN_POINT('',(68.85,60.621661713709,12.));
#4281=CARTESIAN_POINT('',(68.85,45.75,12.));
#4282=CARTESIAN_POINT('',(68.85,58.378338286291,12.));
#4283=CARTESIAN_POINT('Origin',(68.5,59.5,12.));
#4284=CARTESIAN_POINT('',(68.85,45.75,12.));
#4285=CARTESIAN_POINT('Origin',(68.85,56.5,14.95));
#4286=CARTESIAN_POINT('',(68.85,58.510050506339,14.95));
#4287=CARTESIAN_POINT('',(68.85,60.489949493661,14.95));
#4288=CARTESIAN_POINT('',(68.85,56.5,14.95));
#4289=CARTESIAN_POINT('',(68.85,60.907124727947,13.95));
#4290=CARTESIAN_POINT('Ctrl Pts',(68.85,60.9071247279454,13.9499999999993));
#4291=CARTESIAN_POINT('Ctrl Pts',(68.85,60.8833265882081,14.0077361222466));
#4292=CARTESIAN_POINT('Ctrl Pts',(68.85,60.8605531934468,14.0629009293146));
#4293=CARTESIAN_POINT('Ctrl Pts',(68.85,60.8386803113846,14.1158048478602));
#4294=CARTESIAN_POINT('Ctrl Pts',(68.85,60.8157880386913,14.1711743655325));
#4295=CARTESIAN_POINT('Ctrl Pts',(68.85,60.7938823198363,14.2240669755529));
#4296=CARTESIAN_POINT('Ctrl Pts',(68.85,60.7728432229906,14.2747823269535));
#4297=CARTESIAN_POINT('Ctrl Pts',(68.85,60.7508159422289,14.3278797242622));
#4298=CARTESIAN_POINT('Ctrl Pts',(68.85,60.7297387468554,14.3785901754636));
#4299=CARTESIAN_POINT('Ctrl Pts',(68.85,60.7094957880177,14.427203090615));
#4300=CARTESIAN_POINT('Ctrl Pts',(68.85,60.6877340291904,14.4794633626387));
#4301=CARTESIAN_POINT('Ctrl Pts',(68.85,60.6669364427122,14.5292993995407));
#4302=CARTESIAN_POINT('Ctrl Pts',(68.85,60.6469822127652,14.577012970754));
#4303=CARTESIAN_POINT('Ctrl Pts',(68.85,60.6261979863474,14.6267111886225));
#4304=CARTESIAN_POINT('Ctrl Pts',(68.85,60.6063289077962,14.6741062673386));
#4305=CARTESIAN_POINT('Ctrl Pts',(68.85,60.5872606226857,14.7194837795426));
#4306=CARTESIAN_POINT('Ctrl Pts',(68.85,60.5669293965721,14.7678667597502));
#4307=CARTESIAN_POINT('Ctrl Pts',(68.85,60.5475086462741,14.8139558350951));
#4308=CARTESIAN_POINT('Ctrl Pts',(68.85,60.52888243127,14.8580404661412));
#4309=CARTESIAN_POINT('Ctrl Pts',(68.85,60.5155068616177,14.8896978400641));
#4310=CARTESIAN_POINT('Ctrl Pts',(68.85,60.5025415029041,14.9203203495805));
#4311=CARTESIAN_POINT('Ctrl Pts',(68.85,60.4899494936594,14.9499999999993));
#4312=CARTESIAN_POINT('',(68.85,60.907124727947,13.8));
#4313=CARTESIAN_POINT('',(68.85,60.907124727947,13.8));
#4314=CARTESIAN_POINT('',(68.85,60.621661713709,13.8));
#4315=CARTESIAN_POINT('',(68.85,45.75,13.8));
#4316=CARTESIAN_POINT('',(68.85,60.621661713709,12.));
#4317=CARTESIAN_POINT('',(68.85,56.5,6.95));
#4318=CARTESIAN_POINT('',(68.85,58.378338286291,13.8));
#4319=CARTESIAN_POINT('',(68.85,58.378338286291,12.));
#4320=CARTESIAN_POINT('',(68.85,58.092875272053,13.8));
#4321=CARTESIAN_POINT('',(68.85,45.75,13.8));
#4322=CARTESIAN_POINT('',(68.85,58.092875272053,13.95));
#4323=CARTESIAN_POINT('',(68.85,58.092875272053,13.8));
#4324=CARTESIAN_POINT('Ctrl Pts',(68.85,58.5100505063384,14.9500000000002));
#4325=CARTESIAN_POINT('Ctrl Pts',(68.85,58.4923992759152,14.9083956509051));
#4326=CARTESIAN_POINT('Ctrl Pts',(68.85,58.4740151708429,14.8649404769306));
#4327=CARTESIAN_POINT('Ctrl Pts',(68.85,58.4547940243025,14.8193744679828));
#4328=CARTESIAN_POINT('Ctrl Pts',(68.85,58.4364991971963,14.7760044091852));
#4329=CARTESIAN_POINT('Ctrl Pts',(68.85,58.4174461759634,14.730722348549));
#4330=CARTESIAN_POINT('Ctrl Pts',(68.85,58.3975279220267,14.6832610306366));
#4331=CARTESIAN_POINT('Ctrl Pts',(68.85,58.3785608048729,14.6380660863418));
#4332=CARTESIAN_POINT('Ctrl Pts',(68.85,58.3588092306059,14.5908953316058));
#4333=CARTESIAN_POINT('Ctrl Pts',(68.85,58.338163157841,14.5414739495548));
#4334=CARTESIAN_POINT('Ctrl Pts',(68.85,58.3189802085421,14.4955549083423));
#4335=CARTESIAN_POINT('Ctrl Pts',(68.85,58.2990250840738,14.4476930141109));
#4336=CARTESIAN_POINT('Ctrl Pts',(68.85,58.2781930173866,14.3976265733691));
#4337=CARTESIAN_POINT('Ctrl Pts',(68.85,58.2581862779038,14.349543670612));
#4338=CARTESIAN_POINT('Ctrl Pts',(68.85,58.237370833316,14.2994277609184));
#4339=CARTESIAN_POINT('Ctrl Pts',(68.85,58.215636801751,14.2470043334848));
#4340=CARTESIAN_POINT('Ctrl Pts',(68.85,58.1952774416794,14.1978966733567));
#4341=CARTESIAN_POINT('Ctrl Pts',(68.85,58.1741120721842,14.1467642929753));
#4342=CARTESIAN_POINT('Ctrl Pts',(68.85,58.152033938864,14.0933404621744));
#4343=CARTESIAN_POINT('Ctrl Pts',(68.85,58.1330182295394,14.047326968969));
#4344=CARTESIAN_POINT('Ctrl Pts',(68.85,58.1133252635707,13.9996132564683));
#4345=CARTESIAN_POINT('Ctrl Pts',(68.85,58.0928752720525,13.9500000000002));
#4346=CARTESIAN_POINT('Origin',(68.5,59.5,6.95));
#4347=CARTESIAN_POINT('',(68.15,62.5,6.95));
#4348=CARTESIAN_POINT('Origin',(68.15,62.5,14.95));
#4349=CARTESIAN_POINT('',(68.15,60.489949493661,14.95));
#4350=CARTESIAN_POINT('',(68.15,58.510050506339,14.95));
#4351=CARTESIAN_POINT('',(68.15,62.5,14.95));
#4352=CARTESIAN_POINT('',(68.15,58.092875272053,13.95));
#4353=CARTESIAN_POINT('Ctrl Pts',(68.15,58.0928752720545,13.9499999999994));
#4354=CARTESIAN_POINT('Ctrl Pts',(68.15,58.1166734117917,14.0077361222467));
#4355=CARTESIAN_POINT('Ctrl Pts',(68.15,58.139446806553,14.0629009293146));
#4356=CARTESIAN_POINT('Ctrl Pts',(68.15,58.1613196886152,14.1158048478603));
#4357=CARTESIAN_POINT('Ctrl Pts',(68.15,58.1842119613085,14.1711743655326));
#4358=CARTESIAN_POINT('Ctrl Pts',(68.15,58.2061176801635,14.224066975553));
#4359=CARTESIAN_POINT('Ctrl Pts',(68.15,58.2271567770092,14.2747823269535));
#4360=CARTESIAN_POINT('Ctrl Pts',(68.15,58.2491840577709,14.3278797242623));
#4361=CARTESIAN_POINT('Ctrl Pts',(68.15,58.2702612531445,14.3785901754637));
#4362=CARTESIAN_POINT('Ctrl Pts',(68.15,58.2905042119821,14.4272030906151));
#4363=CARTESIAN_POINT('Ctrl Pts',(68.15,58.3122659708094,14.4794633626388));
#4364=CARTESIAN_POINT('Ctrl Pts',(68.15,58.3330635572877,14.5292993995409));
#4365=CARTESIAN_POINT('Ctrl Pts',(68.15,58.3530177872346,14.5770129707542));
#4366=CARTESIAN_POINT('Ctrl Pts',(68.15,58.3738020136525,14.6267111886227));
#4367=CARTESIAN_POINT('Ctrl Pts',(68.15,58.3936710922037,14.6741062673388));
#4368=CARTESIAN_POINT('Ctrl Pts',(68.15,58.4127393773141,14.7194837795428));
#4369=CARTESIAN_POINT('Ctrl Pts',(68.15,58.4330706034277,14.7678667597503));
#4370=CARTESIAN_POINT('Ctrl Pts',(68.15,58.4524913537258,14.8139558350953));
#4371=CARTESIAN_POINT('Ctrl Pts',(68.15,58.4711175687298,14.8580404661414));
#4372=CARTESIAN_POINT('Ctrl Pts',(68.15,58.4844931383821,14.8896978400643));
#4373=CARTESIAN_POINT('Ctrl Pts',(68.15,58.4974584970957,14.9203203495806));
#4374=CARTESIAN_POINT('Ctrl Pts',(68.15,58.5100505063404,14.9499999999994));
#4375=CARTESIAN_POINT('',(68.15,58.092875272053,13.8));
#4376=CARTESIAN_POINT('',(68.15,58.092875272053,13.8));
#4377=CARTESIAN_POINT('',(68.15,58.378338286291,13.8));
#4378=CARTESIAN_POINT('',(68.15,48.75,13.8));
#4379=CARTESIAN_POINT('',(68.15,58.378338286291,12.));
#4380=CARTESIAN_POINT('',(68.15,58.378338286291,12.));
#4381=CARTESIAN_POINT('',(68.15,48.75,12.));
#4382=CARTESIAN_POINT('',(68.15,60.621661713709,12.));
#4383=CARTESIAN_POINT('',(68.15,48.75,12.));
#4384=CARTESIAN_POINT('',(68.15,60.621661713709,13.8));
#4385=CARTESIAN_POINT('',(68.15,60.621661713709,12.));
#4386=CARTESIAN_POINT('',(68.15,60.907124727947,13.8));
#4387=CARTESIAN_POINT('',(68.15,48.75,13.8));
#4388=CARTESIAN_POINT('',(68.15,60.907124727947,13.95));
#4389=CARTESIAN_POINT('',(68.15,60.907124727947,13.8));
#4390=CARTESIAN_POINT('Ctrl Pts',(68.15,60.4899494936614,14.9500000000002));
#4391=CARTESIAN_POINT('Ctrl Pts',(68.15,60.5076007240846,14.908395650905));
#4392=CARTESIAN_POINT('Ctrl Pts',(68.15,60.5259848291569,14.8649404769305));
#4393=CARTESIAN_POINT('Ctrl Pts',(68.15,60.5452059756974,14.8193744679827));
#4394=CARTESIAN_POINT('Ctrl Pts',(68.15,60.5635008028035,14.776004409185));
#4395=CARTESIAN_POINT('Ctrl Pts',(68.15,60.5825538240365,14.7307223485488));
#4396=CARTESIAN_POINT('Ctrl Pts',(68.15,60.6024720779731,14.6832610306364));
#4397=CARTESIAN_POINT('Ctrl Pts',(68.15,60.6214391951269,14.6380660863416));
#4398=CARTESIAN_POINT('Ctrl Pts',(68.15,60.641190769394,14.5908953316056));
#4399=CARTESIAN_POINT('Ctrl Pts',(68.15,60.6618368421588,14.5414739495546));
#4400=CARTESIAN_POINT('Ctrl Pts',(68.15,60.6810197914578,14.4955549083421));
#4401=CARTESIAN_POINT('Ctrl Pts',(68.15,60.7009749159261,14.4476930141107));
#4402=CARTESIAN_POINT('Ctrl Pts',(68.15,60.7218069826133,14.3976265733689));
#4403=CARTESIAN_POINT('Ctrl Pts',(68.15,60.741813722096,14.3495436706118));
#4404=CARTESIAN_POINT('Ctrl Pts',(68.15,60.7626291666839,14.2994277609181));
#4405=CARTESIAN_POINT('Ctrl Pts',(68.15,60.7843631982489,14.2470043334845));
#4406=CARTESIAN_POINT('Ctrl Pts',(68.15,60.8047225583205,14.1978966733564));
#4407=CARTESIAN_POINT('Ctrl Pts',(68.15,60.8258879278157,14.146764292975));
#4408=CARTESIAN_POINT('Ctrl Pts',(68.15,60.8479660611359,14.0933404621741));
#4409=CARTESIAN_POINT('Ctrl Pts',(68.15,60.8669817704605,14.0473269689687));
#4410=CARTESIAN_POINT('Ctrl Pts',(68.15,60.8866747364292,13.9996132564681));
#4411=CARTESIAN_POINT('Ctrl Pts',(68.15,60.9071247279473,13.9500000000001));
#4412=CARTESIAN_POINT('Origin',(39.5,35.,12.));
#4413=CARTESIAN_POINT('Origin',(68.5,59.5,12.));
#4414=CARTESIAN_POINT('Origin',(10.5,10.5,12.));
#4415=CARTESIAN_POINT('Origin',(10.5,10.5,13.8));
#4416=CARTESIAN_POINT('Origin',(10.5,10.5,14.95));
#4417=CARTESIAN_POINT('Origin',(10.5,10.5,14.95));
#4418=CARTESIAN_POINT('Origin',(10.5,10.5,13.95));
#4419=CARTESIAN_POINT('Origin',(10.5,10.5,13.95));
#4420=CARTESIAN_POINT('Origin',(10.5,10.5,13.8));
#4421=CARTESIAN_POINT('Origin',(10.5,10.5,13.8));
#4422=CARTESIAN_POINT('Origin',(39.5,35.,13.8));
#4423=CARTESIAN_POINT('Origin',(10.5,10.5,14.95));
#4424=CARTESIAN_POINT('Origin',(10.5,10.5,14.95));
#4425=CARTESIAN_POINT('Origin',(10.5,10.5,13.95));
#4426=CARTESIAN_POINT('Origin',(10.5,10.5,13.95));
#4427=CARTESIAN_POINT('Origin',(10.5,10.5,13.8));
#4428=CARTESIAN_POINT('Origin',(10.5,10.5,13.8));
#4429=CARTESIAN_POINT('Origin',(39.5,35.,13.8));
#4430=CARTESIAN_POINT('Origin',(10.5,10.5,13.8));
#4431=CARTESIAN_POINT('Origin',(10.5,10.5,12.));
#4432=CARTESIAN_POINT('Origin',(68.5,10.5,12.));
#4433=CARTESIAN_POINT('Origin',(68.5,10.5,13.8));
#4434=CARTESIAN_POINT('Origin',(68.5,10.5,14.95));
#4435=CARTESIAN_POINT('Origin',(68.5,10.5,14.95));
#4436=CARTESIAN_POINT('Origin',(68.5,10.5,13.95));
#4437=CARTESIAN_POINT('Origin',(68.5,10.5,13.95));
#4438=CARTESIAN_POINT('Origin',(68.5,10.5,13.8));
#4439=CARTESIAN_POINT('Origin',(68.5,10.5,13.8));
#4440=CARTESIAN_POINT('Origin',(39.5,35.,13.8));
#4441=CARTESIAN_POINT('Origin',(68.5,10.5,14.95));
#4442=CARTESIAN_POINT('Origin',(68.5,10.5,14.95));
#4443=CARTESIAN_POINT('Origin',(68.5,10.5,13.95));
#4444=CARTESIAN_POINT('Origin',(68.5,10.5,13.95));
#4445=CARTESIAN_POINT('Origin',(68.5,10.5,13.8));
#4446=CARTESIAN_POINT('Origin',(68.5,10.5,13.8));
#4447=CARTESIAN_POINT('Origin',(39.5,35.,13.8));
#4448=CARTESIAN_POINT('Origin',(68.5,10.5,13.8));
#4449=CARTESIAN_POINT('Origin',(68.5,10.5,12.));
#4450=CARTESIAN_POINT('Origin',(10.5,59.5,12.));
#4451=CARTESIAN_POINT('Origin',(10.5,59.5,13.8));
#4452=CARTESIAN_POINT('Origin',(10.5,59.5,14.95));
#4453=CARTESIAN_POINT('Origin',(10.5,59.5,14.95));
#4454=CARTESIAN_POINT('Origin',(10.5,59.5,13.95));
#4455=CARTESIAN_POINT('Origin',(10.5,59.5,13.95));
#4456=CARTESIAN_POINT('Origin',(10.5,59.5,13.8));
#4457=CARTESIAN_POINT('Origin',(10.5,59.5,13.8));
#4458=CARTESIAN_POINT('Origin',(39.5,35.,13.8));
#4459=CARTESIAN_POINT('Origin',(10.5,59.5,14.95));
#4460=CARTESIAN_POINT('Origin',(10.5,59.5,14.95));
#4461=CARTESIAN_POINT('Origin',(10.5,59.5,13.95));
#4462=CARTESIAN_POINT('Origin',(10.5,59.5,13.95));
#4463=CARTESIAN_POINT('Origin',(10.5,59.5,13.8));
#4464=CARTESIAN_POINT('Origin',(10.5,59.5,13.8));
#4465=CARTESIAN_POINT('Origin',(39.5,35.,13.8));
#4466=CARTESIAN_POINT('Origin',(10.5,59.5,13.8));
#4467=CARTESIAN_POINT('Origin',(10.5,59.5,12.));
#4468=CARTESIAN_POINT('Origin',(68.5,59.5,14.95));
#4469=CARTESIAN_POINT('Origin',(68.5,59.5,14.95));
#4470=CARTESIAN_POINT('Origin',(68.5,59.5,13.95));
#4471=CARTESIAN_POINT('Origin',(68.5,59.5,13.95));
#4472=CARTESIAN_POINT('Origin',(39.5,35.,13.8));
#4473=CARTESIAN_POINT('Origin',(68.5,59.5,13.8));
#4474=CARTESIAN_POINT('Origin',(68.5,59.5,13.8));
#4475=CARTESIAN_POINT('Origin',(68.5,59.5,14.95));
#4476=CARTESIAN_POINT('Origin',(68.5,59.5,14.95));
#4477=CARTESIAN_POINT('Origin',(68.5,59.5,13.95));
#4478=CARTESIAN_POINT('Origin',(68.5,59.5,13.95));
#4479=CARTESIAN_POINT('Origin',(68.5,59.5,13.8));
#4480=CARTESIAN_POINT('Origin',(68.5,59.5,13.8));
#4481=CARTESIAN_POINT('Origin',(39.5,35.,13.8));
#4482=CARTESIAN_POINT('Origin',(68.5,59.5,13.8));
#4483=CARTESIAN_POINT('Origin',(68.5,59.5,12.));
#4484=CARTESIAN_POINT('Origin',(68.5,59.5,12.));
#4485=CARTESIAN_POINT('Origin',(68.5,59.5,13.8));
#4486=CARTESIAN_POINT('',(0.,0.,0.));
#4487=CARTESIAN_POINT('Origin',(18.,0.,0.));
#4488=CARTESIAN_POINT('',(18.,0.,0.));
#4489=CARTESIAN_POINT('',(18.,0.,10.));
#4490=CARTESIAN_POINT('',(18.,0.,0.));
#4491=CARTESIAN_POINT('',(14.,7.,0.));
#4492=CARTESIAN_POINT('',(18.,0.,0.));
#4493=CARTESIAN_POINT('',(14.,7.,10.));
#4494=CARTESIAN_POINT('',(14.,7.,0.));
#4495=CARTESIAN_POINT('',(18.,0.,10.));
#4496=CARTESIAN_POINT('Origin',(14.,-7.,0.));
#4497=CARTESIAN_POINT('',(14.,-7.,0.));
#4498=CARTESIAN_POINT('',(14.,-7.,10.));
#4499=CARTESIAN_POINT('',(14.,-7.,0.));
#4500=CARTESIAN_POINT('',(14.,-7.,0.));
#4501=CARTESIAN_POINT('',(14.,-7.,10.));
#4502=CARTESIAN_POINT('Origin',(14.,7.,0.));
#4503=CARTESIAN_POINT('',(9.,15.588,0.));
#4504=CARTESIAN_POINT('',(14.,7.,0.));
#4505=CARTESIAN_POINT('',(9.,15.588,10.));
#4506=CARTESIAN_POINT('',(9.,15.588,0.));
#4507=CARTESIAN_POINT('',(14.,7.,10.));
#4508=CARTESIAN_POINT('Origin',(0.,-7.E-17,0.));
#4509=CARTESIAN_POINT('',(9.,-15.588,0.));
#4510=CARTESIAN_POINT('',(9.,-15.588,0.));
#4511=CARTESIAN_POINT('',(0.,-16.,0.));
#4512=CARTESIAN_POINT('',(0.,-16.,0.));
#4513=CARTESIAN_POINT('',(-9.,-15.588,0.));
#4514=CARTESIAN_POINT('',(-9.,-15.588,0.));
#4515=CARTESIAN_POINT('',(-14.,-7.,0.));
#4516=CARTESIAN_POINT('',(-14.,-7.,0.));
#4517=CARTESIAN_POINT('',(-18.,0.,0.));
#4518=CARTESIAN_POINT('',(-18.,0.,0.));
#4519=CARTESIAN_POINT('',(-14.,7.,0.));
#4520=CARTESIAN_POINT('',(-14.,7.,0.));
#4521=CARTESIAN_POINT('',(-9.,15.588,0.));
#4522=CARTESIAN_POINT('',(-9.,15.588,0.));
#4523=CARTESIAN_POINT('',(0.,16.,0.));
#4524=CARTESIAN_POINT('',(0.,16.,0.));
#4525=CARTESIAN_POINT('',(9.,15.588,0.));
#4526=CARTESIAN_POINT('',(-2.75,-3.36777869765522E-16,0.));
#4527=CARTESIAN_POINT('Origin',(0.,0.,0.));
#4528=CARTESIAN_POINT('Origin',(0.,-7.E-17,10.));
#4529=CARTESIAN_POINT('',(0.,16.,10.));
#4530=CARTESIAN_POINT('',(9.,15.588,10.));
#4531=CARTESIAN_POINT('',(-9.,15.588,10.));
#4532=CARTESIAN_POINT('',(0.,16.,10.));
#4533=CARTESIAN_POINT('',(-14.,7.,10.));
#4534=CARTESIAN_POINT('',(-9.,15.588,10.));
#4535=CARTESIAN_POINT('',(-18.,0.,10.));
#4536=CARTESIAN_POINT('',(-14.,7.,10.));
#4537=CARTESIAN_POINT('',(-14.,-7.,10.));
#4538=CARTESIAN_POINT('',(-18.,0.,10.));
#4539=CARTESIAN_POINT('',(-9.,-15.588,10.));
#4540=CARTESIAN_POINT('',(-14.,-7.,10.));
#4541=CARTESIAN_POINT('',(0.,-16.,10.));
#4542=CARTESIAN_POINT('',(-9.,-15.588,10.));
#4543=CARTESIAN_POINT('',(9.,-15.588,10.));
#4544=CARTESIAN_POINT('',(0.,-16.,10.));
#4545=CARTESIAN_POINT('',(9.,-15.588,10.));
#4546=CARTESIAN_POINT('',(4.792,0.,10.));
#4547=CARTESIAN_POINT('',(2.396,4.15,10.));
#4548=CARTESIAN_POINT('',(4.792,0.,10.));
#4549=CARTESIAN_POINT('',(2.396,-4.15,10.));
#4550=CARTESIAN_POINT('',(2.396,-4.15,10.));
#4551=CARTESIAN_POINT('',(-2.396,-4.15,10.));
#4552=CARTESIAN_POINT('',(-2.396,-4.15,10.));
#4553=CARTESIAN_POINT('',(-4.792,0.,10.));
#4554=CARTESIAN_POINT('',(-4.792,0.,10.));
#4555=CARTESIAN_POINT('',(-2.396,4.15,10.));
#4556=CARTESIAN_POINT('',(-2.396,4.15,10.));
#4557=CARTESIAN_POINT('',(2.396,4.15,10.));
#4558=CARTESIAN_POINT('Origin',(9.,-15.588,0.));
#4559=CARTESIAN_POINT('',(9.,-15.588,0.));
#4560=CARTESIAN_POINT('Origin',(9.,15.588,0.));
#4561=CARTESIAN_POINT('',(0.,16.,0.));
#4562=CARTESIAN_POINT('Origin',(0.,-16.,0.));
#4563=CARTESIAN_POINT('',(0.,-16.,0.));
#4564=CARTESIAN_POINT('Origin',(0.,16.,0.));
#4565=CARTESIAN_POINT('',(-9.,15.588,0.));
#4566=CARTESIAN_POINT('Origin',(-9.,-15.588,0.));
#4567=CARTESIAN_POINT('',(-9.,-15.588,0.));
#4568=CARTESIAN_POINT('Origin',(-9.,15.588,0.));
#4569=CARTESIAN_POINT('',(-14.,7.,0.));
#4570=CARTESIAN_POINT('Origin',(-14.,-7.,0.));
#4571=CARTESIAN_POINT('',(-14.,-7.,0.));
#4572=CARTESIAN_POINT('Origin',(-14.,7.,0.));
#4573=CARTESIAN_POINT('',(-18.,0.,0.));
#4574=CARTESIAN_POINT('Origin',(-18.,0.,0.));
#4575=CARTESIAN_POINT('Origin',(0.,0.,10.));
#4576=CARTESIAN_POINT('',(-2.75,-3.36777869765522E-16,5.5));
#4577=CARTESIAN_POINT('',(-2.75,-3.36777869765522E-16,10.));
#4578=CARTESIAN_POINT('Origin',(0.,0.,5.5));
#4579=CARTESIAN_POINT('Origin',(4.792,0.,10.));
#4580=CARTESIAN_POINT('',(4.792,0.,5.5));
#4581=CARTESIAN_POINT('',(4.792,0.,10.));
#4582=CARTESIAN_POINT('',(2.396,4.15,5.5));
#4583=CARTESIAN_POINT('',(2.396,4.15,10.));
#4584=CARTESIAN_POINT('',(4.792,0.,5.5));
#4585=CARTESIAN_POINT('Origin',(2.396,4.15,10.));
#4586=CARTESIAN_POINT('',(-2.396,4.15,5.5));
#4587=CARTESIAN_POINT('',(-2.396,4.15,10.));
#4588=CARTESIAN_POINT('',(2.396,4.15,5.5));
#4589=CARTESIAN_POINT('Origin',(-2.396,4.15,10.));
#4590=CARTESIAN_POINT('',(-4.792,0.,5.5));
#4591=CARTESIAN_POINT('',(-4.792,0.,10.));
#4592=CARTESIAN_POINT('',(-2.396,4.15,5.5));
#4593=CARTESIAN_POINT('Origin',(-4.792,0.,10.));
#4594=CARTESIAN_POINT('',(-2.396,-4.15,5.5));
#4595=CARTESIAN_POINT('',(-2.396,-4.15,10.));
#4596=CARTESIAN_POINT('',(-4.792,0.,5.5));
#4597=CARTESIAN_POINT('Origin',(-2.396,-4.15,10.));
#4598=CARTESIAN_POINT('',(2.396,-4.15,5.5));
#4599=CARTESIAN_POINT('',(2.396,-4.15,10.));
#4600=CARTESIAN_POINT('',(-2.396,-4.15,5.5));
#4601=CARTESIAN_POINT('Origin',(2.396,-4.15,10.));
#4602=CARTESIAN_POINT('',(2.396,-4.15,5.5));
#4603=CARTESIAN_POINT('Origin',(6.E-17,0.,5.5));
#4604=CARTESIAN_POINT('',(0.,0.,0.));
#4605=CARTESIAN_POINT('',(75.,8.00000000000001,2.));
#4606=CARTESIAN_POINT('',(18.528707934361,8.,194.36343036815));
#4607=CARTESIAN_POINT('',(90.,-0.999999999999996,182.));
#4608=UNCERTAINTY_MEASURE_WITH_UNIT(LENGTH_MEASURE(0.01),#4620,
'DISTANCE_ACCURACY_VALUE',
'Maximum model space distance between geometric entities at asserted c
onnectivities');
#4609=UNCERTAINTY_MEASURE_WITH_UNIT(LENGTH_MEASURE(0.01),#4620,
'DISTANCE_ACCURACY_VALUE',
'Maximum model space distance between geometric entities at asserted c
onnectivities');
#4610=UNCERTAINTY_MEASURE_WITH_UNIT(LENGTH_MEASURE(0.01),#4620,
'DISTANCE_ACCURACY_VALUE',
'Maximum model space distance between geometric entities at asserted c
onnectivities');
#4611=UNCERTAINTY_MEASURE_WITH_UNIT(LENGTH_MEASURE(0.01),#4620,
'DISTANCE_ACCURACY_VALUE',
'Maximum model space distance between geometric entities at asserted c
onnectivities');
#4612=UNCERTAINTY_MEASURE_WITH_UNIT(LENGTH_MEASURE(0.01),#4620,
'DISTANCE_ACCURACY_VALUE',
'Maximum model space distance between geometric entities at asserted c
onnectivities');
#4613=UNCERTAINTY_MEASURE_WITH_UNIT(LENGTH_MEASURE(0.01),#4620,
'DISTANCE_ACCURACY_VALUE',
'Maximum model space distance between geometric entities at asserted c
onnectivities');
#4614=(
GEOMETRIC_REPRESENTATION_CONTEXT(3)
GLOBAL_UNCERTAINTY_ASSIGNED_CONTEXT((#4608))
GLOBAL_UNIT_ASSIGNED_CONTEXT((#4620,#4622,#4623))
REPRESENTATION_CONTEXT('','3D')
);
#4615=(
GEOMETRIC_REPRESENTATION_CONTEXT(3)
GLOBAL_UNCERTAINTY_ASSIGNED_CONTEXT((#4609))
GLOBAL_UNIT_ASSIGNED_CONTEXT((#4620,#4622,#4623))
REPRESENTATION_CONTEXT('','3D')
);
#4616=(
GEOMETRIC_REPRESENTATION_CONTEXT(3)
GLOBAL_UNCERTAINTY_ASSIGNED_CONTEXT((#4610))
GLOBAL_UNIT_ASSIGNED_CONTEXT((#4620,#4622,#4623))
REPRESENTATION_CONTEXT('','3D')
);
#4617=(
GEOMETRIC_REPRESENTATION_CONTEXT(3)
GLOBAL_UNCERTAINTY_ASSIGNED_CONTEXT((#4611))
GLOBAL_UNIT_ASSIGNED_CONTEXT((#4620,#4622,#4623))
REPRESENTATION_CONTEXT('','3D')
);
#4618=(
GEOMETRIC_REPRESENTATION_CONTEXT(3)
GLOBAL_UNCERTAINTY_ASSIGNED_CONTEXT((#4612))
GLOBAL_UNIT_ASSIGNED_CONTEXT((#4620,#4622,#4623))
REPRESENTATION_CONTEXT('','3D')
);
#4619=(
GEOMETRIC_REPRESENTATION_CONTEXT(3)
GLOBAL_UNCERTAINTY_ASSIGNED_CONTEXT((#4613))
GLOBAL_UNIT_ASSIGNED_CONTEXT((#4620,#4622,#4623))
REPRESENTATION_CONTEXT('','3D')
);
#4620=(
LENGTH_UNIT()
NAMED_UNIT(*)
SI_UNIT(.MILLI.,.METRE.)
);
#4621=(
LENGTH_UNIT()
NAMED_UNIT(*)
SI_UNIT($,.METRE.)
);
#4622=(
NAMED_UNIT(*)
PLANE_ANGLE_UNIT()
SI_UNIT($,.RADIAN.)
);
#4623=(
NAMED_UNIT(*)
SI_UNIT($,.STERADIAN.)
SOLID_ANGLE_UNIT()
);
#4624=SHAPE_DEFINITION_REPRESENTATION(#4629,#4638);
#4625=SHAPE_DEFINITION_REPRESENTATION(#4630,#4639);
#4626=SHAPE_DEFINITION_REPRESENTATION(#4631,#4640);
#4627=SHAPE_DEFINITION_REPRESENTATION(#4632,#4641);
#4628=SHAPE_DEFINITION_REPRESENTATION(#4633,#4642);
#4629=PRODUCT_DEFINITION_SHAPE('',$,#4644);
#4630=PRODUCT_DEFINITION_SHAPE('',$,#4645);
#4631=PRODUCT_DEFINITION_SHAPE('',$,#4646);
#4632=PRODUCT_DEFINITION_SHAPE('',$,#4647);
#4633=PRODUCT_DEFINITION_SHAPE('',$,#4648);
#4634=PRODUCT_DEFINITION_SHAPE($,$,#23);
#4635=PRODUCT_DEFINITION_SHAPE($,$,#24);
#4636=PRODUCT_DEFINITION_SHAPE($,$,#25);
#4637=PRODUCT_DEFINITION_SHAPE($,$,#26);
#4638=SHAPE_REPRESENTATION('',(#2612,#2823,#2824,#2825,#2826),#4614);
#4639=SHAPE_REPRESENTATION('',(#2613),#4615);
#4640=SHAPE_REPRESENTATION('',(#2629),#4616);
#4641=SHAPE_REPRESENTATION('',(#2656),#4617);
#4642=SHAPE_REPRESENTATION('',(#2798),#4618);
#4643=PRODUCT_DEFINITION_CONTEXT('part definition',#4660,'design');
#4644=PRODUCT_DEFINITION('model','PiloMill-L',#4649,#4643);
#4645=PRODUCT_DEFINITION('StandBase','StandBase',#4650,#4643);
#4646=PRODUCT_DEFINITION('StandPole','StandPole',#4651,#4643);
#4647=PRODUCT_DEFINITION('EquipmentHead','EquipmentHead',#4652,#4643);
#4648=PRODUCT_DEFINITION('ClampKnob','ClampKnob',#4653,#4643);
#4649=PRODUCT_DEFINITION_FORMATION('',$,#4662);
#4650=PRODUCT_DEFINITION_FORMATION('',$,#4663);
#4651=PRODUCT_DEFINITION_FORMATION('',$,#4664);
#4652=PRODUCT_DEFINITION_FORMATION('',$,#4665);
#4653=PRODUCT_DEFINITION_FORMATION('',$,#4666);
#4654=PRODUCT_RELATED_PRODUCT_CATEGORY('PiloMill-L','PiloMill-L',(#4662));
#4655=PRODUCT_RELATED_PRODUCT_CATEGORY('StandBase','StandBase',(#4663));
#4656=PRODUCT_RELATED_PRODUCT_CATEGORY('StandPole','StandPole',(#4664));
#4657=PRODUCT_RELATED_PRODUCT_CATEGORY('EquipmentHead','EquipmentHead',
(#4665));
#4658=PRODUCT_RELATED_PRODUCT_CATEGORY('ClampKnob','ClampKnob',(#4666));
#4659=APPLICATION_PROTOCOL_DEFINITION('international standard',
'automotive_design',2009,#4660);
#4660=APPLICATION_CONTEXT(
'Core Data for Automotive Mechanical Design Process');
#4661=PRODUCT_CONTEXT('part definition',#4660,'mechanical');
#4662=PRODUCT('model','PiloMill-L','FreeCAD Model',(#4661));
#4663=PRODUCT('StandBase','StandBase',$,(#4661));
#4664=PRODUCT('StandPole','StandPole',$,(#4661));
#4665=PRODUCT('EquipmentHead','EquipmentHead',$,(#4661));
#4666=PRODUCT('ClampKnob','ClampKnob',$,(#4661));
#4667=PRESENTATION_STYLE_ASSIGNMENT((#4668));
#4668=SURFACE_STYLE_USAGE(.BOTH.,#4669);
#4669=SURFACE_SIDE_STYLE('',(#4670));
#4670=SURFACE_STYLE_FILL_AREA(#4671);
#4671=FILL_AREA_STYLE('Stal \X2\2014\X0\ satynowa',(#4672));
#4672=FILL_AREA_STYLE_COLOUR('Stal \X2\2014\X0\ satynowa',#4673);
#4673=COLOUR_RGB('Stal \X2\2014\X0\ satynowa',0.627450980392157,0.627450980392157,
0.627450980392157);
ENDSEC;
END-ISO-10303-21;
